tipo;arrival_time;memoria_pedida;processamento_pedido;tempo_pedido;n_servidores_low_mem(1000 - 3000);n_servidores_low_cpu(1000 - 3000);n_servidores_med_mem(3000 - 7000);n_servidores_med_cpu(3000 - 7000);n_servidores_high_mem(7000 - 10000);n_servidores_high_cpu(7000 - 10000); tempo_de_espera 
1;0;905;524;906;1;2;1;0;1;1;0
1;0;911;426;952;1;2;1;0;1;1;0
1;0;675;770;967;1;2;1;0;1;1;0
0;0;527;255;781;1;2;1;0;1;1;0
0;0;863;961;987;1;2;1;0;1;1;0
0;0;930;107;891;1;2;1;0;1;1;0
1;0;764;729;668;1;2;1;0;1;1;0
2;0;264;732;803;1;2;1;0;1;1;0
1;0;707;693;777;1;2;1;0;1;1;0
0;0;384;572;431;1;2;1;0;1;1;0
2;0;883;128;492;1;2;1;0;1;1;0
0;0;432;828;775;1;2;1;0;1;1;0
1;0;370;719;123;1;2;1;0;1;1;0
0;0;511;583;443;1;2;1;0;1;1;0
2;0;485;620;650;1;2;1;0;1;1;0
0;0;251;277;267;1;2;1;0;1;1;0
1;0;290;603;977;1;2;1;0;1;1;0
1;0;568;494;739;1;2;1;0;1;1;0
0;0;998;219;395;1;2;1;0;1;1;0
2;0;782;552;649;1;2;1;0;1;1;0
0;0;454;294;700;1;2;1;0;1;1;0
2;0;210;598;218;1;2;1;0;1;1;0
2;0;996;779;619;1;2;1;0;1;1;0
1;0;154;858;639;1;2;1;0;1;1;218
1;0;753;440;657;1;2;1;0;1;1;443
0;0;561;582;686;1;2;1;0;1;1;492
0;0;184;537;175;1;2;1;0;1;1;492
0;0;841;967;768;1;2;1;0;1;1;619
2;0;807;940;503;1;2;1;0;1;1;952
0;0;794;217;851;1;2;1;0;1;1;649
2;0;751;986;722;1;2;1;0;1;1;1455
0;0;887;808;756;1;2;1;0;1;1;650
0;0;284;251;468;1;2;1;0;1;1;667
0;0;470;191;330;1;2;1;0;1;1;619
0;0;698;559;853;1;2;1;0;1;1;668
0;0;107;433;948;1;2;1;0;1;1;668
2;0;365;621;979;1;2;1;0;1;1;1455
2;0;468;284;497;1;2;1;0;1;1;1455
0;0;488;846;266;1;2;1;0;1;1;639
1;0;106;700;492;1;2;1;0;1;1;650
1;0;147;194;858;1;2;1;0;1;1;650
2;0;456;488;646;1;2;1;0;1;1;2177
1;0;579;521;449;1;2;1;0;1;1;686
1;0;810;232;643;1;2;1;0;1;1;686
1;0;421;260;799;1;2;1;0;1;1;686
1;0;915;924;279;1;2;1;0;1;1;756
1;0;385;875;845;1;2;1;0;1;1;756
0;0;485;646;716;1;2;1;0;1;1;756
0;0;918;371;238;1;2;1;0;1;1;775
0;0;375;391;683;1;2;1;0;1;1;756
2;0;668;106;517;1;2;1;0;1;1;1225
2;0;593;334;461;1;2;1;0;1;1;1225
0;0;602;627;985;1;2;1;0;1;1;686
1;0;106;845;373;1;2;1;0;1;1;728
0;0;963;505;126;1;2;1;0;1;1;728
1;0;680;334;302;1;2;1;0;1;1;728
2;0;860;696;834;1;2;1;0;1;1;1482
1;0;210;857;894;1;2;1;0;1;1;1871
0;0;309;369;793;1;2;1;0;1;1;739
2;0;807;185;991;1;2;1;0;1;1;1871
2;0;109;108;761;1;2;1;0;1;1;1871
1;0;906;832;122;1;2;1;0;1;1;686
1;0;687;655;831;1;2;1;0;1;1;716
1;0;724;439;374;1;2;1;0;1;1;700
0;0;924;701;364;1;2;1;0;1;1;756
0;0;376;562;1000;1;2;1;0;1;1;768
1;0;570;312;183;1;2;1;0;1;1;756
1;0;912;542;743;1;2;1;0;1;1;808
0;0;966;997;105;1;2;1;0;1;1;845
0;0;317;933;875;1;2;1;0;1;1;853
1;0;542;457;865;1;2;1;0;1;1;768
1;0;526;161;889;1;2;1;0;1;1;853
0;0;984;290;933;1;2;1;0;1;1;858
1;0;341;785;746;1;2;1;0;1;1;865
0;0;116;621;401;1;2;1;0;1;1;905
1;0;763;605;892;1;2;1;0;1;1;2316
1;0;779;436;479;1;2;1;0;1;1;945
1;0;769;442;901;1;2;1;0;1;1;950
0;0;938;615;349;1;2;1;0;1;1;962
1;0;474;939;482;1;2;1;0;1;1;977
0;0;979;908;532;1;2;1;0;1;1;1120
0;0;593;329;417;1;2;1;0;1;1;1013
2;0;501;118;143;1;2;1;0;1;1;2316
0;0;132;667;680;1;2;1;0;1;1;1294
1;0;485;741;644;1;2;1;0;1;1;1223
2;0;815;434;827;1;2;1;0;1;1;2765
0;0;416;502;986;1;2;1;0;1;1;1169
0;0;439;457;102;1;2;1;0;1;1;1169
1;0;889;104;675;1;2;1;0;1;1;1185
0;0;583;133;980;1;2;1;0;1;1;1185
2;0;743;441;985;1;2;1;0;1;1;2862
1;0;592;530;739;1;2;1;0;1;1;1202
0;0;750;852;962;1;2;1;0;1;1;1259
1;0;582;307;431;1;2;1;0;1;1;1266
2;0;914;629;446;1;2;1;0;1;1;2705
2;0;968;362;148;1;2;1;0;1;1;3089
1;0;434;215;883;1;2;1;0;1;1;3151
1;0;288;698;743;1;2;1;0;1;1;1235
1;0;958;133;541;1;2;1;0;1;1;1235
1;0;192;931;358;1;2;1;0;1;1;1271
0;0;820;466;264;1;2;1;0;1;1;1333
0;0;683;919;680;1;2;1;0;1;1;1451
1;0;300;997;169;1;2;1;0;1;1;1463
2;0;345;844;198;1;2;1;0;1;1;3151
1;0;462;940;162;1;2;1;0;1;1;1558
1;0;912;791;819;1;2;1;0;1;1;1597
0;0;643;347;981;1;2;1;0;1;1;1271
0;0;260;217;510;1;2;1;0;1;1;1533
2;0;833;367;625;1;2;1;0;1;1;3237
1;0;244;616;613;1;2;1;0;1;1;1533
1;0;253;487;513;1;2;1;0;1;1;1551
1;0;691;160;130;1;2;1;0;1;1;1551
1;0;724;535;393;1;2;1;0;1;1;1502
1;0;773;262;349;1;2;1;0;1;1;1502
0;0;676;314;494;1;2;1;0;1;1;1443
1;0;963;981;981;1;2;1;0;1;1;1605
2;0;540;907;505;1;2;1;0;1;1;3349
1;0;612;343;771;1;2;1;0;1;1;1625
1;0;599;205;506;1;2;1;0;1;1;1600
1;0;485;243;627;1;2;1;0;1;1;1625
2;0;394;653;378;1;2;1;0;1;1;3854
1;0;202;412;671;1;2;1;0;1;1;1629
0;0;803;399;923;1;2;1;0;1;1;1629
2;0;596;567;562;1;2;1;0;1;1;3854
0;0;558;348;590;1;2;1;0;1;1;1592
0;0;907;818;414;1;2;1;0;1;1;1772
2;0;208;748;459;1;2;1;0;1;1;4232
0;0;577;903;690;1;2;1;0;1;1;1665
0;0;962;813;870;1;2;1;0;1;1;1650
1;0;865;239;107;1;2;1;0;1;1;1660
0;0;323;170;464;1;2;1;0;1;1;1533
1;0;628;164;775;1;2;1;0;1;1;1675
0;0;901;889;718;1;2;1;0;1;1;1723
0;0;542;282;672;1;2;1;0;1;1;1387
1;0;483;363;458;1;2;1;0;1;1;1506
2;0;570;203;807;1;2;1;0;1;1;4232
0;0;448;637;916;1;2;1;0;1;1;1545
0;0;618;177;250;1;2;1;0;1;1;1506
2;0;737;166;215;1;2;1;0;1;1;4232
1;0;143;333;222;1;2;1;0;1;1;1545
0;0;211;388;927;1;2;1;0;1;1;1601
0;0;594;177;853;1;2;1;0;1;1;1601
0;0;922;857;130;1;2;1;0;1;1;1752
1;0;666;918;264;1;2;1;0;1;1;1807
1;0;927;981;922;1;2;1;0;1;1;1848
0;0;519;947;728;1;2;1;0;1;1;1882
1;0;167;645;816;1;2;1;0;1;1;1963
1;0;244;417;219;1;2;1;0;1;1;1964
2;0;141;679;892;1;2;1;0;1;1;4022
0;0;698;299;569;1;2;1;0;1;1;1882
1;0;471;557;584;1;2;1;0;1;1;2059
2;0;441;653;139;1;2;1;0;1;1;4297
0;0;699;831;293;1;2;1;0;1;1;2071
0;0;510;396;202;1;2;1;0;1;1;2034
1;0;474;391;539;1;2;1;0;1;1;2046
1;0;775;602;540;1;2;1;0;1;1;1966
2;0;375;110;723;1;2;1;0;1;1;4297
1;0;909;711;624;1;2;1;0;1;1;1940
0;0;135;514;726;1;2;1;0;1;1;1862
1;0;636;817;450;1;2;1;0;1;1;1945
0;0;549;206;450;1;2;1;0;1;1;1961
2;0;263;458;788;1;2;1;0;1;1;3968
0;0;702;987;769;1;2;1;0;1;1;1965
0;0;886;188;705;1;2;1;0;1;1;1950
0;0;109;723;344;1;2;1;0;1;1;2097
0;0;715;463;668;1;2;1;0;1;1;1998
0;0;899;857;615;1;2;1;0;1;1;2159
1;0;687;361;323;1;2;1;0;1;1;2114
2;0;279;844;463;1;2;1;0;1;1;4581
1;0;686;533;347;1;2;1;0;1;1;2227
1;0;401;492;489;1;2;1;0;1;1;2251
0;0;944;621;376;1;2;1;0;1;1;2291
0;0;904;912;775;1;2;1;0;1;1;2395
0;0;577;249;480;1;2;1;0;1;1;2396
0;0;359;339;597;1;2;1;0;1;1;2396
0;0;574;463;589;1;2;1;0;1;1;2421
0;0;243;938;650;1;2;1;0;1;1;2399
0;0;206;805;749;1;2;1;0;1;1;2429
2;0;600;883;887;1;2;1;0;1;1;4756
1;0;337;998;547;1;2;1;0;1;1;2432
1;0;819;353;230;1;2;1;0;1;1;2437
1;0;912;839;586;1;2;1;0;1;1;2558
2;0;685;612;608;1;2;1;0;1;1;5044
0;0;199;921;613;1;2;1;0;1;1;2456
1;0;264;580;757;1;2;1;0;1;1;2498
1;0;764;178;727;1;2;1;0;1;1;2456
0;0;146;415;642;1;2;1;0;1;1;2595
1;0;444;645;621;1;2;1;0;1;1;2625
0;0;889;286;588;1;2;1;0;1;1;2475
0;0;867;986;785;1;2;1;0;1;1;2594
0;0;308;600;424;1;2;1;0;1;1;2594
0;0;522;454;878;1;2;1;0;1;1;2603
2;0;575;297;531;1;2;1;0;1;1;5044
0;0;466;744;624;1;2;1;0;1;1;2708
0;0;767;454;105;1;2;1;0;1;1;2609
2;0;232;997;727;1;2;1;0;1;1;5643
2;0;234;429;450;1;2;1;0;1;1;5652
0;0;918;342;795;1;2;1;0;1;1;2608
1;0;742;361;123;1;2;1;0;1;1;2608
1;0;994;505;458;1;2;1;0;1;1;2608
1;0;872;310;764;1;2;1;0;1;1;2609
0;0;594;110;659;1;2;1;0;1;1;2609
1;0;375;436;196;1;2;1;0;1;1;2664
1;0;144;631;555;1;2;1;0;1;1;2689
0;0;703;775;464;1;2;1;0;1;1;2689
1;0;546;479;385;1;2;1;0;1;1;2714
0;0;723;258;303;1;2;1;0;1;1;2731
0;0;271;726;119;1;2;1;0;1;1;2731
1;0;267;675;546;1;2;1;0;1;1;2765
1;0;241;984;749;1;2;1;0;1;1;2850
2;0;617;161;450;1;2;1;0;1;1;5330
1;0;360;410;263;1;2;1;0;1;1;2777
0;0;641;212;625;1;2;1;0;1;1;2777
0;0;622;723;452;1;2;1;0;1;1;2860
1;0;376;554;325;1;2;1;0;1;1;2938
2;0;639;516;322;1;2;1;0;1;1;5780
1;0;556;902;963;1;2;1;0;1;1;2941
1;0;516;447;808;1;2;1;0;1;1;2938
0;0;582;163;865;1;2;1;0;1;1;3034
1;0;698;950;339;1;2;1;0;1;1;3040
0;0;129;953;116;1;2;1;0;1;1;3103
1;0;311;457;141;1;2;1;0;1;1;3103
1;0;162;348;283;1;2;1;0;1;1;3087
1;0;940;979;666;1;2;1;0;1;1;3097
1;0;480;929;611;1;2;1;0;1;1;3064
2;0;311;995;614;1;2;1;0;1;1;5931
2;0;622;448;373;1;2;1;0;1;1;6102
2;0;415;905;897;1;2;1;0;1;1;6475
2;0;580;937;268;1;2;1;0;1;1;6545
0;0;884;318;349;1;2;1;0;1;1;3045
0;0;411;960;796;1;2;1;0;1;1;3051
0;0;565;665;475;1;2;1;0;1;1;3070
1;0;985;733;754;1;2;1;0;1;1;3113
0;0;239;429;356;1;2;1;0;1;1;3108
0;0;130;822;246;1;2;1;0;1;1;3170
0;0;546;950;691;1;2;1;0;1;1;3237
0;0;101;291;730;1;2;1;0;1;1;3237
2;0;804;203;406;1;2;1;0;1;1;6813
2;0;656;580;402;1;2;1;0;1;1;6813
1;0;898;704;112;1;2;1;0;1;1;3194
2;0;367;647;680;1;2;1;0;1;1;7215
0;0;760;487;571;1;2;1;0;1;1;3306
1;0;655;168;277;1;2;1;0;1;1;3306
1;0;835;264;407;1;2;1;0;1;1;3259
2;0;167;931;217;1;2;1;0;1;1;7372
1;0;780;616;214;1;2;1;0;1;1;3302
1;0;991;860;649;1;2;1;0;1;1;3315
2;0;848;496;250;1;2;1;0;1;1;7254
1;0;607;991;569;1;2;1;0;1;1;3360
1;0;267;902;285;1;2;1;0;1;1;3451
2;0;968;473;886;1;1;1;1;1;1;0
0;0;102;824;824;1;1;1;1;1;1;0
1;0;931;168;246;1;1;1;1;1;1;0
1;0;143;247;199;1;1;1;1;1;1;0
0;0;563;476;285;1;1;1;1;1;1;0
1;0;318;657;191;1;1;1;1;1;1;0
2;0;762;481;162;1;1;1;1;1;1;0
0;0;153;472;178;1;1;1;1;1;1;0
1;0;247;956;564;1;1;1;1;1;1;0
0;0;558;295;338;1;1;1;1;1;1;0
2;0;361;360;943;1;1;1;1;1;1;0
1;0;266;907;687;1;1;1;1;1;1;0
2;0;674;155;851;1;1;1;1;1;1;0
0;0;863;187;358;1;1;1;1;1;1;0
2;0;737;960;962;1;1;1;1;1;1;0
0;0;713;354;788;1;1;1;1;1;1;0
1;0;374;716;750;1;1;1;1;1;1;0
0;0;702;184;654;1;1;1;1;1;1;0
1;0;383;413;460;1;1;1;1;1;1;0
0;0;200;484;244;1;1;1;1;1;1;0
0;0;720;395;814;1;1;1;1;1;1;0
0;0;549;831;485;1;1;1;1;1;1;0
0;0;115;961;197;1;1;1;1;1;1;0
0;0;667;132;316;1;1;1;1;1;1;0
1;0;615;993;152;1;1;1;1;1;1;0
1;0;354;989;280;1;1;1;1;1;1;0
1;0;928;160;453;1;1;1;1;1;1;0
0;0;229;457;652;1;1;1;1;1;1;0
2;0;613;838;174;1;1;1;1;1;1;0
0;0;449;184;324;1;1;1;1;1;1;0
0;0;329;555;621;1;1;1;1;1;1;0
0;0;348;243;171;1;1;1;1;1;1;0
0;0;177;407;584;1;1;1;1;1;1;0
1;0;959;610;900;1;1;1;1;1;1;814
0;0;706;989;793;1;1;1;1;1;1;152
0;0;710;241;607;1;1;1;1;1;1;171
0;0;261;348;194;1;1;1;1;1;1;0
1;0;609;943;173;1;1;1;1;1;1;0
0;0;241;937;234;1;1;1;1;1;1;0
2;0;421;206;373;1;1;1;1;1;1;814
0;0;308;700;652;1;1;1;1;1;1;173
2;0;818;293;707;1;1;1;1;1;1;1714
1;0;892;483;492;1;1;1;1;1;1;0
1;0;127;435;393;1;1;1;1;1;1;0
1;0;257;374;328;1;1;1;1;1;1;0
1;0;514;305;804;1;1;1;1;1;1;0
1;0;953;213;200;1;1;1;1;1;1;0
0;0;476;139;838;1;1;1;1;1;1;0
1;0;406;181;318;1;1;1;1;1;1;173
1;0;275;531;940;1;1;1;1;1;1;173
1;0;251;721;468;1;1;1;1;1;1;173
0;0;353;369;474;1;1;1;1;1;1;194
0;0;749;801;159;1;1;1;1;1;1;318
2;0;765;877;392;1;1;1;1;1;1;2421
1;0;539;903;934;1;1;1;1;1;1;453
1;0;776;730;697;1;1;1;1;1;1;474
1;0;923;348;609;1;1;1;1;1;1;485
0;0;865;966;750;1;1;1;1;1;1;477
0;0;302;615;916;1;1;1;1;1;1;492
1;0;327;337;311;1;1;1;1;1;1;492
1;0;190;285;823;1;1;1;1;1;1;477
0;0;306;274;251;1;1;1;1;1;1;584
1;0;522;152;958;1;1;1;1;1;1;584
0;0;900;496;463;1;1;1;1;1;1;621
1;0;415;857;670;1;1;1;1;1;1;652
0;0;312;866;566;1;1;1;1;1;1;468
1;0;846;104;460;1;1;1;1;1;1;652
0;0;906;356;124;1;1;1;1;1;1;750
1;0;704;896;880;1;1;1;1;1;1;793
0;0;288;516;807;1;1;1;1;1;1;750
0;0;920;773;177;1;1;1;1;1;1;776
1;0;790;188;158;1;1;1;1;1;1;793
2;0;785;239;142;1;1;1;1;1;1;2813
0;0;544;978;449;1;1;1;1;1;1;645
1;0;610;423;222;1;1;1;1;1;1;645
0;0;854;225;206;1;1;1;1;1;1;697
1;0;150;594;226;1;1;1;1;1;1;697
2;0;710;336;516;1;1;1;1;1;1;2955
0;0;365;227;679;1;1;1;1;1;1;690
2;0;759;205;272;1;1;1;1;1;1;3471
0;0;773;828;623;1;1;1;1;1;1;697
1;0;541;279;642;1;1;1;1;1;1;609
1;0;921;318;647;1;1;1;1;1;1;750
2;0;414;153;312;1;1;1;1;1;1;2657
1;0;613;381;531;1;1;1;1;1;1;674
0;0;630;574;237;1;1;1;1;1;1;697
2;0;678;172;620;1;1;1;1;1;1;2929
2;0;849;177;816;1;1;1;1;1;1;3549
1;0;486;824;621;1;1;1;1;1;1;670
0;0;210;586;715;1;1;1;1;1;1;697
1;0;568;848;271;1;1;1;1;1;1;750
2;0;862;171;826;1;1;1;1;1;1;4365
0;0;989;407;488;1;1;1;1;1;1;793
1;0;130;187;819;1;1;1;1;1;1;750
1;0;533;982;699;1;1;1;1;1;1;804
0;0;835;666;862;1;1;1;1;1;1;793
0;0;364;449;939;1;1;1;1;1;1;804
1;0;692;531;885;1;1;1;1;1;1;838
0;0;653;196;376;1;1;1;1;1;1;670
0;0;690;132;469;1;1;1;1;1;1;800
1;0;850;293;257;1;1;1;1;1;1;845
2;0;384;842;620;1;1;1;1;1;1;4365
1;0;291;841;933;1;1;1;1;1;1;856
1;0;396;949;762;1;1;1;1;1;1;873
1;0;958;138;545;1;1;1;1;1;1;800
2;0;456;945;851;1;1;1;1;1;1;4985
1;0;575;604;223;1;1;1;1;1;1;873
0;0;594;189;736;1;1;1;1;1;1;880
1;0;244;346;995;1;1;1;1;1;1;5191
0;0;793;896;308;1;1;1;1;1;1;916
1;0;853;911;396;1;1;1;1;1;1;916
0;0;458;433;493;1;1;1;1;1;1;916
1;0;902;687;578;1;1;1;1;1;1;934
1;0;772;835;528;1;1;1;1;1;1;968
0;0;885;528;190;1;1;1;1;1;1;1046
1;0;100;501;562;1;1;1;1;1;1;940
1;0;922;745;551;1;1;1;1;1;1;1060
1;0;135;581;134;1;1;1;1;1;1;1060
1;0;342;870;599;1;1;1;1;1;1;960
0;0;445;833;635;1;1;1;1;1;1;1058
1;0;571;760;356;1;1;1;1;1;1;948
0;0;719;608;803;1;1;1;1;1;1;1077
1;0;917;352;432;1;1;1;1;1;1;997
1;0;593;750;614;1;1;1;1;1;1;1124
0;0;920;337;788;1;1;1;1;1;1;1276
1;0;960;425;682;1;1;1;1;1;1;1276
1;0;729;754;262;1;1;1;1;1;1;1230
2;0;299;493;604;1;1;1;1;1;1;5191
0;0;978;147;168;1;1;1;1;1;1;1156
0;0;347;198;450;1;1;1;1;1;1;1176
1;0;152;688;121;1;1;1;1;1;1;1176
1;0;115;883;186;1;1;1;1;1;1;1176
1;0;290;381;852;1;1;1;1;1;1;1269
2;0;160;727;348;1;1;1;1;1;1;5191
0;0;655;756;958;1;1;1;1;1;1;1052
0;0;754;856;972;1;1;1;1;1;1;1099
1;0;383;598;606;1;1;1;1;1;1;1147
0;0;229;480;165;1;1;1;1;1;1;1147
1;0;118;727;250;1;1;1;1;1;1;1163
1;0;553;698;708;1;1;1;1;1;1;1175
0;0;397;729;940;1;1;1;1;1;1;1175
0;0;847;437;723;1;1;1;1;1;1;1230
0;0;129;659;412;1;1;1;1;1;1;1230
0;0;382;667;924;1;1;1;1;1;1;1230
2;0;352;443;992;1;1;1;1;1;1;5539
1;0;644;873;409;1;1;1;1;1;1;1236
2;0;794;828;766;1;1;1;1;1;1;5836
0;0;154;737;990;1;1;1;1;1;1;1248
2;0;300;927;385;1;1;1;1;1;1;6186
2;0;775;688;609;1;1;1;1;1;1;6602
1;0;154;850;300;1;1;1;1;1;1;1198
1;0;175;753;544;1;1;1;1;1;1;1198
1;0;852;637;334;1;1;1;1;1;1;1288
0;0;234;851;377;1;1;1;1;1;1;1246
1;0;879;724;253;1;1;1;1;1;1;1334
1;0;852;900;458;1;1;1;1;1;1;1498
0;0;822;549;109;1;1;1;1;1;1;1383
1;0;841;532;134;1;1;1;1;1;1;1383
2;0;442;618;738;1;1;1;1;1;1;6602
0;0;448;669;468;1;1;1;1;1;1;1473
2;0;163;338;901;1;1;1;1;1;1;6602
2;0;618;235;593;1;1;1;1;1;1;6311
2;0;473;875;242;1;1;1;1;1;1;6440
2;0;622;961;424;1;1;1;1;1;1;6682
2;0;219;386;227;1;1;1;1;1;1;6904
1;0;834;631;547;1;1;1;1;1;1;1418
1;0;671;625;895;1;1;1;1;1;1;1423
1;0;636;901;265;1;1;1;1;1;1;1416
0;0;655;615;104;1;1;1;1;1;1;1446
0;0;183;982;908;1;1;1;1;1;1;1303
0;0;221;662;721;1;1;1;1;1;1;1338
1;0;729;231;840;1;1;1;1;1;1;7106
2;0;753;566;166;1;1;1;1;1;1;7946
2;0;677;639;819;1;1;1;1;1;1;7946
2;0;884;752;151;1;1;1;1;1;1;8765
0;0;755;850;765;1;1;1;1;1;1;1325
0;0;190;232;540;1;1;1;1;1;1;1331
0;0;129;851;343;1;1;1;1;1;1;1473
2;0;461;590;170;1;1;1;1;1;1;8765
0;0;319;473;395;1;1;1;1;1;1;1300
1;0;567;228;824;1;1;1;1;1;1;1325
1;0;370;417;859;1;1;1;1;1;1;8916
2;0;481;513;872;1;1;1;1;1;1;8916
1;0;512;171;531;1;1;1;1;1;1;1300
0;0;120;530;777;1;1;1;1;1;1;1354
1;0;731;462;498;1;1;1;1;1;1;1376
2;0;724;874;528;1;1;1;1;1;1;9775
0;0;167;149;303;1;1;1;1;1;1;1354
0;0;626;902;151;1;1;1;1;1;1;1428
1;0;890;757;873;1;1;1;1;1;1;1470
1;0;395;906;629;1;1;1;1;1;1;1513
0;0;220;547;715;1;1;1;1;1;1;1513
0;0;385;798;870;1;1;1;1;1;1;1579
1;0;765;396;937;1;1;1;1;1;1;1542
0;0;463;658;748;1;1;1;1;1;1;1542
0;0;634;883;951;1;1;1;1;1;1;1504
2;0;921;430;990;1;1;1;1;1;1;10303
2;0;309;710;852;1;1;1;1;1;1;10303
1;0;435;261;835;1;1;1;1;1;1;1515
1;0;525;378;254;1;1;1;1;1;1;1534
1;0;418;987;989;1;1;1;1;1;1;1539
1;0;942;382;803;1;1;1;1;1;1;1534
2;0;906;453;868;1;1;1;1;1;1;11293
2;0;253;395;656;1;1;1;1;1;1;11293
0;0;831;335;237;1;1;1;1;1;1;1604
0;0;248;262;477;1;1;1;1;1;1;1604
0;0;447;194;654;1;1;1;1;1;1;1568
0;0;231;967;319;1;1;1;1;1;1;1640
0;0;478;259;856;1;1;1;1;1;1;1568
1;0;119;354;658;1;1;1;1;1;1;1640
1;0;623;987;940;1;1;1;1;1;1;1720
0;0;216;642;590;1;1;1;1;1;1;1749
1;0;952;697;941;1;1;1;1;1;1;12161
0;0;329;249;490;1;1;1;1;1;1;1711
1;0;134;638;953;1;1;1;1;1;1;12161
0;0;248;904;884;1;1;1;1;1;1;1793
0;0;533;499;811;1;1;1;1;1;1;1845
1;0;411;621;697;1;1;1;1;1;1;1842
0;0;140;452;897;1;1;1;1;1;1;1847
2;0;536;715;713;1;1;1;1;1;1;13102
0;0;113;453;391;1;1;1;1;1;1;1769
0;0;949;514;627;1;1;1;1;1;1;1807
1;0;638;652;289;1;1;1;1;1;1;1759
0;0;400;607;368;1;1;1;1;1;1;1845
0;0;552;586;138;1;1;1;1;1;1;1845
1;0;341;255;846;1;1;1;1;1;1;1767
0;0;529;117;400;1;1;1;1;1;1;1767
1;0;319;468;651;1;1;1;1;1;1;1856
2;0;551;139;271;1;1;1;1;1;1;12395
0;0;161;758;890;1;1;1;1;1;1;1806
2;0;584;467;793;1;1;1;1;1;1;12666
2;0;936;577;430;1;1;1;1;1;1;13459
0;0;118;314;854;1;1;1;1;1;1;1725
2;0;705;552;867;1;1;1;1;1;1;13889
1;0;276;227;399;1;1;1;1;1;1;1814
1;0;992;971;297;1;1;1;1;1;1;1836
2;0;968;801;919;1;1;1;1;1;1;14756
2;0;537;151;120;1;1;1;1;1;1;15675
1;0;351;196;902;1;1;1;1;1;1;15675
2;0;742;995;337;1;1;1;1;1;1;15795
0;0;963;878;529;1;1;1;1;1;1;1860
0;0;399;173;475;1;1;1;1;1;1;1861
2;0;774;884;988;1;1;1;1;1;1;16132
0;0;722;879;629;1;1;1;1;1;1;1961
1;0;331;157;686;1;1;1;1;1;1;1860
0;0;530;334;382;1;1;1;1;1;1;1964
1;0;418;967;876;1;1;1;1;1;1;1872
1;0;365;203;911;1;1;1;1;1;1;1872
2;0;778;603;896;1;1;1;1;1;1;17120
0;0;223;830;191;1;1;1;1;1;1;1912
0;10;692;793;1153;2;0;4;3;1;4;0
0;65;731;734;1935;2;0;4;3;1;4;0
1;164;1429;674;1677;2;0;4;3;1;4;0
0;177;1374;776;1423;2;0;4;3;1;4;0
0;211;792;1344;1073;2;0;4;3;1;4;0
0;221;678;1361;1538;2;0;4;3;1;4;0
2;271;902;1324;1767;2;0;4;3;1;4;0
2;293;1500;733;1968;2;0;4;3;1;4;0
2;294;522;614;1645;2;0;4;3;1;4;0
1;391;925;1056;1036;2;0;4;3;1;4;0
1;429;510;1282;1668;2;0;4;3;1;4;0
0;498;1274;793;1378;2;0;4;3;1;4;0
1;515;1296;964;1559;2;0;4;3;1;4;0
1;588;868;707;1278;2;0;4;3;1;4;0
1;625;797;1266;1677;2;0;4;3;1;4;0
2;684;1377;1220;1841;2;0;4;3;1;4;0
1;748;644;780;1931;2;0;4;3;1;4;0
1;823;790;552;1583;2;0;4;3;1;4;0
2;892;1280;1461;1603;2;0;4;3;1;4;0
2;907;662;860;1417;2;0;4;3;1;4;0
1;934;586;879;1360;2;0;4;3;1;4;0
2;952;572;1307;1858;2;0;4;3;1;4;0
2;1043;691;1267;1101;2;0;4;3;1;4;0
2;1097;934;1397;1144;2;0;4;3;1;4;0
2;1149;751;1119;1064;2;0;4;3;1;4;0
0;1190;1478;889;1710;2;0;4;3;1;4;0
1;1268;855;1191;1248;2;0;4;3;1;4;0
0;1359;1034;634;1285;2;0;4;3;1;4;0
1;1397;709;538;1459;2;0;4;3;1;4;0
0;1398;516;895;1352;2;0;4;3;1;4;0
1;1459;1405;1052;1849;2;0;4;3;1;4;0
2;1536;1462;773;1565;2;0;4;3;1;4;0
2;1569;746;968;1692;2;0;4;3;1;4;0
0;1587;536;1429;1282;2;0;4;3;1;4;0
1;1634;752;640;1874;2;0;4;3;1;4;0
1;1695;1067;1099;1598;2;0;4;3;1;4;0
2;1704;690;1270;1795;2;0;4;3;1;4;0
1;1707;1273;674;1016;2;0;4;3;1;4;0
2;1803;1340;1453;1652;2;0;4;3;1;4;0
0;1825;1248;1478;1075;2;0;4;3;1;4;0
2;1861;752;1293;1462;2;0;4;3;1;4;0
1;1889;722;860;1038;2;0;4;3;1;4;0
1;1960;946;834;1622;2;0;4;3;1;4;0
0;1973;1388;1104;1290;2;0;4;3;1;4;0
0;2055;563;846;1614;2;0;4;3;1;4;0
2;2100;1160;1406;1576;2;0;4;3;1;4;0
1;2118;951;1260;1911;2;0;4;3;1;4;0
0;2208;939;1432;1827;2;0;4;3;1;4;0
2;2260;1438;974;1176;2;0;4;3;1;4;0
2;2283;1083;1059;1997;2;0;4;3;1;4;0
2;2337;937;1408;1009;2;0;4;3;1;4;1827
1;2357;1404;1002;1547;2;0;4;3;1;4;0
0;2404;800;662;1596;2;0;4;3;1;4;0
0;2491;893;1139;1415;2;0;4;3;1;4;0
1;2547;644;1376;1988;2;0;4;3;1;4;0
1;2601;590;1311;1543;2;0;4;3;1;4;0
2;2663;650;710;1837;2;0;4;3;1;4;0
2;2665;1052;1442;1327;2;0;4;3;1;4;0
1;2701;821;1177;1919;2;0;4;3;1;4;0
0;2766;811;799;1424;2;0;4;3;1;4;0
2;2807;664;1361;1630;2;0;4;3;1;4;0
0;2872;512;1355;1467;2;0;4;3;1;4;0
2;2938;924;945;1952;2;0;4;3;1;4;0
2;2959;1433;1238;1984;2;0;4;3;1;4;1630
1;2965;1281;844;1955;2;0;4;3;1;4;0
2;3050;1421;1106;1201;2;0;4;3;1;4;0
2;3068;1335;1262;1069;2;0;4;3;1;4;0
2;3073;745;640;1714;2;0;4;3;1;4;0
0;3119;1154;830;1624;2;0;4;3;1;4;0
1;3163;1199;1131;1175;2;0;4;3;1;4;0
1;3214;1235;1249;1180;2;0;4;3;1;4;0
1;3254;1396;742;1896;2;0;4;3;1;4;0
2;3277;1344;1373;1098;2;0;4;3;1;4;0
1;3284;1099;1477;1786;2;0;4;3;1;4;0
1;3285;542;764;1196;2;0;4;3;1;4;0
0;3320;956;1130;1376;2;0;4;3;1;4;1069
1;3388;815;1474;1115;2;0;4;3;1;4;0
2;3422;617;964;1365;2;0;4;3;1;4;0
0;3437;1470;1318;1499;2;0;4;3;1;4;1098
0;3509;1347;887;1714;2;0;4;3;1;4;1175
1;3583;989;1340;1394;2;0;4;3;1;4;1115
1;3615;1212;821;1831;2;0;4;3;1;4;0
1;3631;1411;614;1020;2;0;4;3;1;4;1180
1;3678;886;1128;1579;2;0;4;3;1;4;0
0;3681;520;748;1368;2;0;4;3;1;4;0
1;3734;575;1051;1789;2;0;4;3;1;4;0
1;3814;1376;1009;1127;2;0;4;3;1;4;1201
1;3834;887;679;1602;2;0;4;3;1;4;1630
0;3864;680;695;1948;2;0;4;3;1;4;0
2;3896;1448;548;1960;2;0;4;3;1;4;1984
1;3912;698;668;1316;2;0;4;3;1;4;3232
0;4002;549;608;1297;2;0;4;3;1;4;1009
2;4090;1306;1361;1105;2;0;4;3;1;4;3944
1;4097;511;1434;1389;2;0;4;3;1;4;3944
0;4104;625;556;1316;2;0;4;3;1;4;0
2;4124;1124;731;1986;2;0;4;3;1;4;0
2;4154;1446;790;1850;2;0;4;3;1;4;0
2;4166;1480;559;1997;2;0;4;3;1;4;5049
0;4224;898;1285;1248;2;0;4;3;1;4;0
0;4269;1343;1362;1808;2;0;4;3;1;4;1020
0;4334;734;1200;1595;2;0;4;3;1;4;0
0;4400;527;1310;1484;2;0;4;3;1;4;0
2;4471;1099;533;1993;2;0;4;3;1;4;0
0;4554;1281;723;1645;2;0;4;3;1;4;0
2;4631;1171;1084;1706;2;0;4;3;1;4;0
0;4682;1053;1272;1545;2;0;4;3;1;4;1020
2;4769;838;1226;1198;2;0;4;3;1;4;0
0;4817;832;1057;1933;2;0;4;3;1;4;0
1;4865;750;1205;1322;2;0;4;3;1;4;0
1;4957;1498;1386;1578;2;0;4;3;1;4;7046
2;4963;616;999;1322;2;0;4;3;1;4;0
2;5050;1473;611;1740;2;0;4;3;1;4;8624
2;5119;1375;1348;1041;2;0;4;3;1;4;0
1;5139;1181;1091;1928;2;0;4;3;1;4;0
1;5234;1322;1212;1374;2;0;4;3;1;4;0
1;5281;1196;604;1074;2;0;4;3;1;4;0
1;5332;700;888;1053;2;0;4;3;1;4;0
1;5336;998;1490;1184;2;0;4;3;1;4;0
1;5423;765;1004;1960;2;0;4;3;1;4;0
1;5479;1424;629;1442;2;0;4;3;1;4;0
1;5560;1389;661;1829;2;0;4;3;1;4;0
2;5608;1106;1279;1354;2;0;4;3;1;4;0
2;5667;1185;1274;1859;2;0;4;3;1;4;8380
2;5683;1469;1086;1666;2;0;4;3;1;4;10239
2;5707;1091;771;1762;2;0;4;3;1;4;11905
2;5721;570;759;1204;2;0;4;3;1;4;0
0;5762;998;843;1091;2;0;4;3;1;4;0
0;5842;991;775;1686;2;0;4;3;1;4;0
1;5904;1263;1352;1361;2;0;4;3;1;4;0
0;5967;532;805;1576;2;0;4;3;1;4;0
1;6002;671;780;1196;2;0;4;3;1;4;0
2;6010;1355;1177;1446;2;0;4;3;1;4;0
2;6076;629;844;1472;2;0;4;3;1;4;0
0;6164;925;891;1368;2;0;4;3;1;4;0
2;6264;574;855;1267;2;0;4;3;1;4;0
2;6314;1240;890;1334;2;0;4;3;1;4;0
2;6358;1064;1010;1975;2;0;4;3;1;4;0
2;6379;807;1348;1594;2;0;4;3;1;4;0
1;6436;1231;585;1246;2;0;4;3;1;4;0
0;6511;887;1280;1958;2;0;4;3;1;4;0
2;6519;1492;863;1134;2;0;4;3;1;4;0
2;6595;1224;671;1253;2;0;4;3;1;4;0
0;6652;1353;1053;1882;2;0;4;3;1;4;0
2;6673;1483;1259;1141;2;0;4;3;1;4;13667
0;6724;1488;532;1749;2;0;4;3;1;4;0
0;6803;1034;868;1179;2;0;4;3;1;4;0
1;6817;1194;619;1401;2;0;4;3;1;4;0
0;6822;568;889;1779;2;0;4;3;1;4;0
2;6845;1390;632;1063;2;0;4;3;1;4;0
0;6920;723;932;1179;2;0;4;3;1;4;0
0;7008;658;1301;1019;2;0;4;3;1;4;0
0;7079;687;1361;1985;2;0;4;3;1;4;0
1;7168;674;936;1597;2;0;4;3;1;4;0
2;7216;1065;1137;1787;2;0;4;3;1;4;0
0;7315;821;1270;1269;2;0;4;3;1;4;0
2;7406;1362;552;1805;2;0;4;3;1;4;0
2;7451;589;1154;1533;2;0;4;3;1;4;0
2;7457;1104;869;1601;2;0;4;3;1;4;0
1;7487;1248;1128;1892;2;0;4;3;1;4;0
1;7514;741;1339;1354;2;0;4;3;1;4;0
0;7577;527;1156;1820;2;0;4;3;1;4;0
2;7640;869;599;1097;2;0;4;3;1;4;0
2;7718;1228;1070;1945;2;0;4;3;1;4;0
0;7722;611;742;1516;2;0;4;3;1;4;0
0;7743;1279;791;1995;2;0;4;3;1;4;0
1;7832;658;545;1120;2;0;4;3;1;4;0
0;7889;676;836;1308;2;0;4;3;1;4;0
2;7989;1281;1283;1889;2;0;4;3;1;4;0
0;8031;1463;874;1692;2;0;4;3;1;4;0
1;8074;945;1400;1868;2;0;4;3;1;4;0
2;8154;659;1356;1525;2;0;4;3;1;4;10602
2;8204;761;1114;1432;2;0;4;3;1;4;0
1;8274;1003;679;1599;2;0;4;3;1;4;0
0;8348;627;1478;1433;2;0;4;3;1;4;0
0;8404;648;1233;1743;2;0;4;3;1;4;0
2;8409;919;652;1389;2;0;4;3;1;4;0
1;8477;1207;1324;1466;2;0;4;3;1;4;0
2;8529;864;706;1270;2;0;4;3;1;4;0
2;8561;742;1073;1572;2;0;4;3;1;4;0
1;8588;753;725;1249;2;0;4;3;1;4;0
2;8655;1241;888;1569;2;0;4;3;1;4;11743
1;8735;718;682;1957;2;0;4;3;1;4;0
1;8828;828;797;1198;2;0;4;3;1;4;0
1;8854;1291;931;1326;2;0;4;3;1;4;0
0;8947;1314;615;1327;2;0;4;3;1;4;0
1;8961;1423;1347;1467;2;0;4;3;1;4;0
0;9022;1462;755;1893;2;0;4;3;1;4;0
1;9064;1108;702;1034;2;0;4;3;1;4;0
2;9153;1280;981;1924;2;0;4;3;1;4;0
2;9180;892;1071;1613;2;0;4;3;1;4;0
0;9275;679;1209;1781;2;0;4;3;1;4;0
1;9290;717;1386;1638;2;0;4;3;1;4;0
2;9342;1466;1495;1269;2;0;4;3;1;4;13312
1;9438;573;1269;1886;2;0;4;3;1;4;0
1;9457;911;524;1260;2;0;4;3;1;4;0
0;9494;502;1486;1592;2;0;4;3;1;4;0
0;9519;774;658;1591;2;0;4;3;1;4;0
2;9607;1174;1038;1334;2;0;4;3;1;4;0
0;9632;866;960;1349;2;0;4;3;1;4;0
2;9707;1236;940;1451;2;0;4;3;1;4;0
2;9737;1458;862;1116;2;0;4;3;1;4;0
2;9825;758;1124;1614;2;0;4;3;1;4;0
0;9831;1458;579;1782;2;0;4;3;1;4;0
2;9908;1033;1300;1793;2;0;4;3;1;4;0
2;9922;1332;1182;1281;2;0;4;3;1;4;0
2;9972;1098;1084;1472;2;0;4;3;1;4;0
1;10049;842;1070;1507;2;0;4;3;1;4;0
2;10148;728;586;1442;2;0;4;3;1;4;0
2;10166;503;692;1033;2;0;4;3;1;4;0
2;10227;1096;608;1635;2;0;4;3;1;4;0
0;10322;563;1271;1054;2;0;4;3;1;4;0
0;10327;735;699;1095;2;0;4;3;1;4;0
2;10338;761;845;1191;2;0;4;3;1;4;0
2;10425;803;900;1338;2;0;4;3;1;4;0
0;10482;1220;706;1681;2;0;4;3;1;4;1054
2;10538;986;1040;1341;2;0;4;3;1;4;11315
0;10549;1306;1056;1296;2;0;4;3;1;4;1116
1;10564;853;867;1229;2;0;4;3;1;4;0
2;10645;1163;842;1070;2;0;4;3;1;4;12584
1;10653;1459;1463;1056;2;0;4;3;1;4;1191
0;10680;1276;1116;1589;2;0;4;3;1;4;1191
1;10746;542;1017;1012;2;0;4;3;1;4;0
0;10769;1034;646;1279;2;0;4;3;1;4;0
2;10782;1473;1252;1887;2;0;4;3;1;4;13654
2;10821;522;929;1459;2;0;4;3;1;4;0
2;10830;641;1228;1401;2;0;4;3;1;4;0
2;10858;948;1435;1198;2;0;4;3;1;4;0
0;10955;879;1233;1047;2;0;4;3;1;4;0
0;10977;1040;1226;1811;2;0;4;3;1;4;0
1;11067;1401;648;1560;2;0;4;3;1;4;0
0;11120;1123;713;1716;2;0;4;3;1;4;0
1;11123;1119;1398;1331;2;0;4;3;1;4;1047
1;11190;875;800;1388;2;0;4;3;1;4;1012
2;11191;638;579;1454;2;0;4;3;1;4;0
1;11259;1287;510;1633;2;0;4;3;1;4;0
2;11329;1277;1070;1702;2;0;4;3;1;4;0
2;11417;965;651;1314;2;0;4;3;1;4;0
1;11443;758;530;1944;2;0;4;3;1;4;0
1;11464;750;780;1105;2;0;4;3;1;4;0
1;11482;891;902;1286;2;0;4;3;1;4;0
2;11580;1452;823;1965;2;0;4;3;1;4;0
0;11640;1086;1052;1246;2;0;4;3;1;4;1056
2;11685;1212;1362;1568;2;0;4;3;1;4;13963
2;11764;1031;1288;1225;2;0;4;3;1;4;0
2;11805;1139;1391;1681;2;0;4;3;1;4;0
1;11860;1303;1480;1737;2;0;4;3;1;4;0
1;11897;712;640;1548;2;0;4;3;1;4;0
1;11974;738;1107;1160;2;0;4;3;1;4;0
1;11989;1354;1462;1509;2;0;4;3;1;4;0
0;11995;1173;662;1066;2;0;4;3;1;4;1225
0;12074;1423;1313;1522;2;0;4;3;1;4;0
1;12078;513;818;1564;2;0;4;3;1;4;0
1;12083;509;753;1753;2;0;4;3;1;4;1160
0;12128;659;722;1358;2;0;4;3;1;4;1066
1;12220;1000;576;1396;2;0;4;3;1;4;1105
0;12276;969;981;1694;2;0;4;3;1;4;1225
0;12358;1284;1210;1215;2;0;4;3;1;4;1246
1;12366;1325;1388;1863;2;0;4;3;1;4;1286
1;12397;808;1486;1155;2;0;4;3;1;4;1314
2;12488;1177;1466;1360;2;0;4;3;1;4;0
2;12521;922;1014;1653;2;0;4;3;1;4;0
1;12533;1168;569;1495;2;0;4;3;1;4;1314
0;12619;913;714;1646;2;0;4;3;1;4;0
1;12691;526;519;1585;2;0;4;3;1;4;0
2;12743;1315;728;1975;2;0;4;3;1;4;0
2;12746;571;1119;1163;2;0;4;3;1;4;0
0;12826;676;983;1151;2;0;4;3;1;4;0
2;12838;1448;1389;1503;2;0;4;3;1;4;13791
1;12933;1314;1478;1016;2;0;4;3;1;4;1151
1;13028;551;1462;1073;2;0;4;3;1;4;0
0;13115;826;1401;1546;2;0;4;3;1;4;0
2;13198;986;713;1390;2;0;4;3;1;4;0
2;13208;564;1225;1713;2;0;4;3;1;4;0
1;13285;662;619;1286;2;0;4;3;1;4;0
2;13368;1326;1272;1149;2;0;4;3;1;4;0
2;13468;1136;940;1676;2;0;4;3;1;4;0
2;13508;1455;1089;1630;2;0;4;3;1;4;15294
0;13596;709;1439;1354;2;0;4;3;1;4;0
1;13607;744;611;1322;2;0;4;3;1;4;0
2;13645;572;608;1756;2;0;4;3;1;4;0
1;13654;531;1205;1937;2;0;4;3;1;4;0
1;13724;1179;919;1851;2;0;4;3;1;4;0
0;13760;1049;1071;1225;2;0;4;3;1;4;0
0;13802;917;853;1281;2;0;4;3;1;4;0
0;13873;1314;633;1224;2;0;4;3;1;4;0
2;13904;1266;1115;1329;2;0;4;3;1;4;0
1;13990;1102;1005;1006;2;0;4;3;1;4;0
0;14066;938;923;1073;2;0;4;3;1;4;0
1;14078;587;571;1835;2;0;4;3;1;4;0
2;14100;1188;943;1374;2;0;4;3;1;4;0
0;14154;1327;952;1593;2;0;4;3;1;4;1006
0;14173;1496;1364;1019;2;0;4;3;1;4;0
1;14239;1069;593;1896;2;0;4;3;1;4;0
0;14296;893;776;1879;2;0;4;3;1;4;0
2;14370;909;811;1693;2;0;4;3;1;4;0
1;14418;942;634;1572;2;0;4;3;1;4;0
0;14507;1449;1030;1598;2;0;4;3;1;4;0
1;14584;1319;510;1930;2;0;4;3;1;4;0
1;14632;1141;983;1289;2;0;4;3;1;4;0
1;14728;1171;1106;1784;2;0;4;3;1;4;15065
0;14755;1475;505;1734;2;0;4;3;1;4;1019
2;14778;1181;755;1984;2;0;4;3;1;4;15065
0;14782;1118;1211;1650;2;0;4;3;1;4;1006
2;14882;1418;1037;1515;2;0;4;3;1;4;17049
1;14909;645;1458;1627;2;0;4;3;1;4;0
2;14994;768;1329;1588;2;0;4;3;1;4;0
0;15088;1440;1359;1674;2;0;4;3;1;4;0
1;15108;960;1307;1015;2;0;4;3;1;4;0
2;15148;1011;1197;1297;2;0;4;3;1;4;0
0;15223;673;1208;1350;2;0;4;3;1;4;0
1;15312;645;1337;1841;2;0;4;3;1;4;0
0;15359;1445;747;1589;2;0;4;3;1;4;0
0;15391;512;818;1784;2;0;4;3;1;4;0
2;15447;1030;836;1810;2;0;4;3;1;4;0
2;15452;578;1496;1440;2;0;4;3;1;4;0
1;15536;1300;709;1610;2;0;4;3;1;4;0
1;15618;992;933;1653;2;0;4;3;1;4;0
2;15704;834;954;1198;2;0;4;3;1;4;0
1;15738;1325;971;1051;2;0;4;3;1;4;1015
2;15808;673;615;1230;2;0;4;3;1;4;0
2;15823;1066;1177;1258;2;0;4;3;1;4;15383
1;15835;1192;674;1290;2;0;4;3;1;4;0
2;15871;1370;1019;1798;2;0;4;3;1;4;0
0;15902;850;828;1092;2;0;4;3;1;4;0
0;15977;639;1346;1243;2;0;4;3;1;4;0
0;16065;744;936;1170;2;0;4;3;1;4;0
0;16142;1390;1422;1982;2;0;4;3;1;4;1051
2;16169;1166;883;1443;2;0;4;3;1;4;0
1;16247;1065;1306;1899;2;0;4;3;1;4;0
1;16256;1099;1148;1990;2;0;4;3;1;4;1051
0;16268;649;851;1743;2;0;4;3;1;4;1092
2;16341;1312;593;1727;2;0;4;3;1;4;0
1;16404;1467;774;1593;2;0;4;3;1;4;0
2;16470;1171;713;1333;2;0;4;3;1;4;0
1;16483;1257;1093;1304;2;0;4;3;1;4;0
2;16528;1065;1028;1186;2;0;4;3;1;4;16641
0;16562;851;1418;1206;2;0;4;3;1;4;0
1;16657;935;631;1969;2;0;4;3;1;4;0
0;16716;1381;1132;1696;2;0;4;3;1;4;1206
1;16810;1438;661;1679;2;0;4;3;1;4;0
1;16821;994;693;1061;2;0;4;3;1;4;1230
1;16913;1329;963;1658;2;0;4;3;1;4;16898
0;16925;970;1257;1040;2;0;4;3;1;4;1061
1;16976;783;1086;1028;2;0;4;3;1;4;0
1;17001;1217;1315;1086;2;0;4;3;1;4;0
2;17022;507;1427;1161;2;0;4;3;1;4;0
1;17065;797;507;1899;2;0;4;3;1;4;0
0;17071;664;1068;1718;2;0;4;3;1;4;0
2;17123;962;669;1375;2;0;4;3;1;4;0
2;17210;1090;692;1509;2;0;4;3;1;4;0
1;17234;1431;1005;1141;2;0;4;3;1;4;1086
0;17243;1172;1239;1762;2;0;4;3;1;4;1028
0;17293;1027;510;1581;2;0;4;3;1;4;1161
1;17334;820;1420;1477;2;0;4;3;1;4;0
2;17338;632;848;1946;2;0;4;3;1;4;0
0;17383;536;1087;1421;2;0;4;3;1;4;1061
2;17405;1167;1100;1277;2;0;4;3;1;4;0
1;17505;1363;1341;1780;2;0;4;3;1;4;0
0;17560;1109;1187;1703;2;0;4;3;1;4;1277
0;17591;1008;581;1231;2;0;4;3;1;4;1304
0;17617;1492;845;1173;2;0;4;3;1;4;1231
1;17705;884;1195;1351;2;0;4;3;1;4;1141
2;17709;606;1097;1304;2;0;4;3;1;4;16065
1;17719;511;1242;1263;2;0;4;3;1;4;16065
2;17754;1101;949;1364;2;0;4;3;1;4;16794
0;17847;1275;1461;1139;2;0;4;3;1;4;0
1;17881;1199;1410;1174;2;0;4;3;1;4;1040
0;17960;902;1166;1212;2;0;4;3;1;4;0
2;18001;1374;1331;1730;2;0;4;3;1;4;17369
2;18008;573;852;1400;2;0;4;3;1;4;0
2;18020;831;1173;1627;2;0;4;3;1;4;0
0;18064;1323;1094;1309;2;0;4;3;1;4;1139
2;18149;1219;521;1026;2;0;4;3;1;4;0
2;18194;620;806;1853;2;0;4;3;1;4;0
0;18235;833;526;1598;2;0;4;3;1;4;1026
0;18286;754;973;1949;2;0;4;3;1;4;1139
1;18326;526;1084;1041;2;0;4;3;1;4;1026
2;18363;832;992;1992;2;0;4;3;1;4;0
1;18459;1001;1144;1760;2;0;4;3;1;4;0
0;18459;961;687;1517;2;0;4;3;1;4;0
2;18476;983;1193;1683;2;0;4;3;1;4;17017
0;18484;766;643;1925;2;0;4;3;1;4;1026
2;18577;1287;1474;1126;2;0;4;3;1;4;17958
1;18585;1460;1179;1206;2;0;4;3;1;4;1141
1;18672;1360;597;1215;2;0;4;3;1;4;0
2;18734;671;1341;1306;2;0;4;3;1;4;0
1;18738;901;952;1297;2;0;4;3;1;4;1026
1;18792;548;862;1385;2;0;4;3;1;4;0
0;18830;982;1293;1577;2;0;4;3;1;4;1041
0;18872;519;1380;1022;2;0;4;3;1;4;0
2;18893;573;605;1990;2;0;4;3;1;4;0
1;18993;1039;1291;1621;2;0;4;3;1;4;1174
0;19078;642;1411;1004;2;0;4;3;1;4;0
0;19155;1164;1454;1576;2;0;4;3;1;4;0
2;19195;1333;974;1962;2;0;4;3;1;4;0
0;19275;820;1034;1383;2;0;4;3;1;4;0
1;19323;799;1228;1491;2;0;4;3;1;4;0
1;19361;975;931;1378;2;0;4;3;1;4;0
0;19402;658;527;1250;2;0;4;3;1;4;0
0;19476;830;601;1427;2;0;4;3;1;4;0
0;19571;586;1212;1201;2;0;4;3;1;4;0
0;19635;1055;1481;1090;2;0;4;3;1;4;1201
1;19728;877;1222;1566;2;0;4;3;1;4;0
1;19760;1433;1282;1929;2;0;4;3;1;4;0
0;19859;1098;1080;1940;2;0;4;3;1;4;0
1;19954;730;927;1219;2;0;4;3;1;4;0
1;20045;553;668;1328;2;0;4;3;1;4;0
0;20126;1207;1350;1785;2;0;4;3;1;4;0
0;20175;1087;946;1137;2;0;4;3;1;4;0
0;20268;689;1224;1913;2;0;4;3;1;4;0
1;20364;1337;661;1390;2;0;4;3;1;4;0
2;20455;629;907;1722;2;0;4;3;1;4;0
1;20502;985;785;1606;2;0;4;3;1;4;0
1;20600;774;839;1672;2;0;4;3;1;4;0
2;20669;574;840;1161;2;0;4;3;1;4;0
0;20722;706;914;1609;2;0;4;3;1;4;0
0;20737;1215;1340;1743;2;0;4;3;1;4;0
1;20740;1114;1040;1936;2;0;4;3;1;4;0
2;20796;975;873;1970;2;0;4;3;1;4;0
1;20846;731;1064;1263;2;0;4;3;1;4;0
1;20917;1444;1219;1433;2;0;4;3;1;4;0
1;20924;773;877;1743;2;0;4;3;1;4;0
2;20946;1344;1475;1321;2;0;4;3;1;4;0
1;21026;802;1489;1400;2;0;4;3;1;4;0
1;21040;620;996;1962;2;0;4;3;1;4;0
0;21114;727;1082;1309;2;0;4;3;1;4;0
2;21202;730;1227;1994;2;0;4;3;1;4;0
2;21254;807;876;1515;2;0;4;3;1;4;0
1;21336;1365;718;1366;2;0;4;3;1;4;1090
2;21372;1460;1112;1834;2;0;4;3;1;4;16246
2;21443;1076;1161;1843;2;0;4;3;1;4;18080
2;21492;818;1285;1709;2;0;4;3;1;4;0
2;21578;552;1179;1382;2;0;4;3;1;4;0
1;21611;813;692;1795;2;0;4;3;1;4;0
0;21662;581;787;1415;2;0;4;3;1;4;0
0;21740;1110;727;1234;2;0;4;3;1;4;0
0;21795;586;1425;1407;2;0;4;3;1;4;0
2;21841;1197;1042;1518;2;0;4;3;1;4;0
2;21912;554;541;1589;2;0;4;3;1;4;0
2;21942;514;575;1967;2;0;4;3;1;4;0
1;21954;981;891;1810;2;0;4;3;1;4;0
2;21954;1372;1428;1346;2;0;4;3;1;4;0
0;21965;655;956;1705;2;0;4;3;1;4;0
0;22061;782;1471;1714;2;0;4;3;1;4;0
1;22130;1446;1341;1744;2;0;4;3;1;4;1234
1;22203;1332;1239;1882;2;0;4;3;1;4;0
2;22209;1331;888;1034;2;0;4;3;1;4;0
2;22258;508;1352;1072;2;0;4;3;1;4;0
0;22354;692;1183;1411;2;0;4;3;1;4;0
1;22433;1230;833;1872;2;0;4;3;1;4;0
1;22524;685;927;1877;2;0;4;3;1;4;0
0;22555;1049;1030;1523;2;0;4;3;1;4;0
2;22615;998;568;1197;2;0;4;3;1;4;0
0;22648;736;589;1556;2;0;4;3;1;4;0
0;22724;1329;545;1269;2;0;4;3;1;4;0
1;22729;624;1406;1755;2;0;4;3;1;4;0
0;22774;1071;630;1176;2;0;4;3;1;4;1034
2;22782;814;1006;1129;2;0;4;3;1;4;0
0;22878;811;579;1209;2;0;4;3;1;4;0
1;22970;587;1084;1344;2;0;4;3;1;4;0
1;22982;1355;1264;1599;2;0;4;3;1;4;1034
0;23032;1105;1176;1366;2;0;4;3;1;4;0
1;23129;1378;1203;1438;2;0;4;3;1;4;17010
0;23204;1266;1333;1747;2;0;4;3;1;4;0
2;23302;527;1202;1978;2;0;4;3;1;4;0
2;23363;592;1031;1645;2;0;4;3;1;4;0
2;23386;625;1217;1370;2;0;4;3;1;4;0
0;23441;738;1217;1385;2;0;4;3;1;4;0
0;23463;1168;1264;1435;2;0;4;3;1;4;0
0;23505;1442;1408;1250;2;0;4;3;1;4;0
2;23599;990;795;1840;2;0;4;3;1;4;0
2;23664;758;1222;1769;2;0;4;3;1;4;0
1;23673;875;1282;1045;2;0;4;3;1;4;0
2;23741;659;1341;1033;2;0;4;3;1;4;0
0;23813;914;804;1952;2;0;4;3;1;4;0
0;23851;583;998;1112;2;0;4;3;1;4;0
1;23916;1393;821;1232;2;0;4;3;1;4;0
0;23934;1442;523;1649;2;0;4;3;1;4;0
1;23974;1176;917;1390;2;0;4;3;1;4;0
1;24005;622;1237;1364;2;0;4;3;1;4;0
0;24022;1148;591;1877;2;0;4;3;1;4;0
0;24079;819;597;1946;2;0;4;3;1;4;0
1;24099;757;799;1328;2;0;4;3;1;4;0
2;24185;767;746;1063;2;0;4;3;1;4;0
0;24231;1196;997;1275;2;0;4;3;1;4;0
0;24244;587;1137;1126;2;0;4;3;1;4;0
1;24296;937;1268;1832;2;0;4;3;1;4;0
1;24394;1348;722;1550;2;0;4;3;1;4;0
0;24400;877;596;1775;2;0;4;3;1;4;1033
2;24457;811;1082;1572;2;0;4;3;1;4;16561
2;24493;664;1005;1792;2;0;4;3;1;4;16966
0;24545;1003;1056;1327;2;0;4;3;1;4;0
2;24552;1122;1217;1802;2;0;4;3;1;4;0
2;24645;1323;1455;1259;2;0;4;3;1;4;0
0;24691;953;520;1270;2;0;4;3;1;4;0
0;24774;903;1470;1468;2;0;4;3;1;4;0
1;24793;1167;794;1160;2;0;4;3;1;4;0
2;24875;605;1294;1323;2;0;4;3;1;4;0
2;24936;1431;1390;1124;2;0;4;3;1;4;0
0;25033;1387;1103;1559;2;0;4;3;1;4;0
2;25099;1494;580;1435;2;0;4;3;1;4;16565
1;25105;847;1186;1161;2;0;4;3;1;4;0
2;25111;658;1166;1516;2;0;4;3;1;4;0
0;25168;1415;1166;1165;2;0;4;3;1;4;1124
0;25181;811;597;1808;2;0;4;3;1;4;0
2;25220;1438;888;1549;2;0;4;3;1;4;0
0;25240;954;1496;1010;2;0;4;3;1;4;0
1;25300;906;1266;1810;2;0;4;3;1;4;0
1;25342;1405;829;1158;2;0;4;3;1;4;18000
1;25366;653;1125;1201;2;0;4;3;1;4;0
1;25443;835;1232;1361;2;0;4;3;1;4;0
2;25465;698;933;1561;2;0;4;3;1;4;0
2;25506;1291;663;1609;2;0;4;3;1;4;0
2;25557;1182;1314;1491;2;0;4;3;1;4;0
0;25586;1440;727;1134;2;0;4;3;1;4;1160
2;25662;1090;1143;1247;2;0;4;3;1;4;19158
0;25728;766;682;1843;2;0;4;3;1;4;0
0;25812;920;1009;1926;2;0;4;3;1;4;0
2;25908;1416;1241;1460;2;0;4;3;1;4;0
1;25976;1408;1098;1673;2;0;4;3;1;4;0
1;25983;1371;1482;1644;2;0;4;3;1;4;0
1;25985;946;726;1752;2;0;4;3;1;4;0
2;26003;1423;1008;1775;2;0;4;3;1;4;20405
0;26016;1142;1477;1409;2;0;4;3;1;4;1010
2;26037;615;892;1551;2;0;4;3;1;4;18902
0;26052;854;1054;1300;2;0;4;3;1;4;0
2;26130;1140;1086;1113;2;0;4;3;1;4;0
2;26201;735;830;1921;2;0;4;3;1;4;0
0;26238;1077;1392;1965;2;0;4;3;1;4;0
2;26247;1357;685;1712;2;0;4;3;1;4;0
0;26297;1131;974;1285;2;0;4;3;1;4;1113
2;26363;707;609;1416;2;0;4;3;1;4;0
0;26413;1402;696;1827;2;0;4;3;1;4;1113
0;26420;1031;844;1202;2;0;4;3;1;4;1134
1;26489;779;965;1586;2;0;4;3;1;4;20453
1;26532;580;1023;1630;2;0;4;3;1;4;0
0;26557;504;751;1702;2;0;4;3;1;4;1134
0;26559;867;736;1618;2;0;4;3;1;4;1113
0;26572;1323;1326;1671;2;0;4;3;1;4;1165
0;26585;644;960;1975;2;0;4;3;1;4;1113
0;26589;817;554;1072;2;0;4;3;1;4;1285
0;26638;662;920;1381;2;0;4;3;1;4;0
0;26638;613;1198;1177;2;0;4;3;1;4;1134
2;26680;913;1499;1176;2;0;4;3;1;4;20677
0;26703;1463;732;1608;2;0;4;3;1;4;1416
1;26773;626;1418;1284;2;0;4;3;1;4;1177
1;26819;739;1247;1385;2;0;4;3;1;4;0
1;26835;1061;526;1929;2;0;4;3;1;4;1202
2;26852;530;775;1327;2;0;4;3;1;4;20677
1;26928;678;1374;1498;2;0;4;3;1;4;21853
1;27020;763;1022;1303;2;0;4;3;1;4;1113
2;27046;878;1288;1523;2;0;4;3;1;4;22039
0;27114;1007;1242;1775;2;0;4;3;1;4;1072
2;27213;1103;987;1555;2;0;4;3;1;4;23351
0;27230;1265;1349;1967;2;0;4;3;1;4;1072
1;27330;1266;777;1586;2;0;4;3;1;4;0
1;27429;807;688;1168;2;0;4;3;1;4;0
1;27529;624;735;1154;2;0;4;3;1;4;0
0;27533;988;979;1884;2;0;4;3;1;4;0
2;27557;887;953;1725;2;0;4;3;1;4;0
1;27602;1094;1006;1124;2;0;4;3;1;4;0
2;27657;972;621;1031;2;0;4;3;1;4;21932
1;27697;687;1196;1172;2;0;4;3;1;4;0
1;27731;926;931;1858;2;0;4;3;1;4;0
2;27830;558;728;1596;2;0;4;3;1;4;0
1;27904;609;899;1084;2;0;4;3;1;4;0
1;27924;616;638;1005;2;0;4;3;1;4;0
0;27964;1091;508;1476;2;0;4;3;1;4;0
0;27973;585;681;1903;2;0;4;3;1;4;0
0;28055;760;1425;1023;2;0;4;3;1;4;0
0;28070;811;522;1884;2;0;4;3;1;4;0
0;28085;892;726;1059;2;0;4;3;1;4;0
0;28177;1219;1149;1059;2;0;4;3;1;4;0
0;28262;873;976;1409;2;0;4;3;1;4;0
1;28270;1010;1464;1647;2;0;4;3;1;4;0
2;28325;570;1219;1451;2;0;4;3;1;4;0
2;28349;1033;1454;1564;2;0;4;3;1;4;0
0;28430;780;874;1240;2;0;4;3;1;4;0
2;28479;1135;669;1721;2;0;4;3;1;4;0
0;28506;1066;1115;1330;2;0;4;3;1;4;1023
2;28559;1388;1237;1412;2;0;4;3;1;4;0
0;28612;565;592;1024;2;0;4;3;1;4;0
0;28698;811;549;1280;2;0;4;3;1;4;0
2;28794;1154;654;1889;2;0;4;3;1;4;0
0;28856;1246;1353;1932;2;0;4;3;1;4;0
0;28892;847;1402;1516;2;0;4;3;1;4;0
1;28942;1378;1415;1913;2;0;4;3;1;4;1023
2;28989;1143;1040;1572;2;0;4;3;1;4;22963
2;29003;1082;506;1780;2;0;4;3;1;4;23276
1;29077;1075;1126;1314;2;0;4;3;1;4;0
1;29077;601;1204;1102;2;0;4;3;1;4;0
0;29095;840;706;1725;2;0;4;3;1;4;0
1;29165;1158;685;1507;2;0;4;3;1;4;0
2;29251;1178;559;1281;2;0;4;3;1;4;0
1;29288;1464;1005;1633;2;0;4;3;1;4;0
0;29313;1486;1314;1636;2;0;4;3;1;4;1024
2;29352;1459;1351;1576;2;0;4;3;1;4;23072
1;29378;657;657;1766;2;0;4;3;1;4;0
0;29384;1067;1269;1112;2;0;4;3;1;4;0
1;29460;517;824;1388;2;0;4;3;1;4;0
1;29492;1395;921;1423;2;0;4;3;1;4;1112
1;29502;839;1041;1673;2;0;4;3;1;4;0
0;29595;1306;857;1307;2;0;4;3;1;4;1280
2;29635;702;1102;1626;2;0;4;3;1;4;0
1;29698;1163;901;1513;2;0;4;3;1;4;1281
1;29718;1350;912;1702;2;0;4;3;1;4;24648
2;29810;1354;1296;1090;2;0;4;3;1;4;0
2;29851;643;638;1855;2;0;4;3;1;4;0
2;29899;559;590;1811;2;0;4;3;1;4;0
1;29952;1434;723;1407;2;0;4;3;1;4;0
1;30016;1453;1217;1325;2;0;4;3;1;4;0
1;30052;816;558;1395;2;0;4;3;1;4;0
2;30094;929;878;1733;2;0;4;3;1;4;24648
1;30146;1018;713;1178;2;0;4;3;1;4;1090
0;30226;1177;570;1873;2;0;4;3;1;4;1090
1;30292;759;755;1460;2;0;4;3;1;4;0
1;30346;506;1193;1023;2;0;4;3;1;4;0
1;30404;715;1357;1453;2;0;4;3;1;4;0
2;30432;935;761;1288;2;0;4;3;1;4;0
0;30526;1005;806;1538;2;0;4;3;1;4;0
1;30611;1436;1370;1680;2;0;4;3;1;4;1090
2;30619;1314;1376;1341;2;0;4;3;1;4;0
0;30703;1108;1319;1139;2;0;4;3;1;4;0
0;30738;933;693;1522;2;0;4;3;1;4;0
1;30784;1003;1172;1083;2;0;4;3;1;4;0
0;30819;544;1408;1504;2;0;4;3;1;4;0
2;30919;1314;984;1637;2;0;4;3;1;4;0
0;30932;1471;506;1556;2;0;4;3;1;4;1178
1;31026;1481;808;1767;2;0;4;3;1;4;1083
0;31094;1384;1497;1890;2;0;4;3;1;4;0
1;31169;575;851;1961;2;0;4;3;1;4;1023
2;31213;1044;521;1566;2;0;4;3;1;4;0
2;31234;1173;585;1612;2;0;4;3;1;4;0
1;31270;1467;635;1222;2;0;4;3;1;4;0
1;31326;1476;1417;1144;2;0;4;3;1;4;25092
2;31336;1474;1432;1788;2;0;4;3;1;4;26236
1;31380;942;872;1954;2;0;4;3;1;4;0
0;31467;1052;809;1235;2;0;4;3;1;4;1083
2;31490;1437;863;1930;2;0;4;3;1;4;27192
2;31524;1202;1486;1282;2;0;4;3;1;4;0
0;31572;654;1268;1711;2;0;4;3;1;4;0
2;31668;731;1321;1794;2;0;4;3;1;4;0
0;31700;1190;1125;1307;2;0;4;3;1;4;1139
1;31755;820;959;1031;2;0;4;3;1;4;0
2;31786;1393;613;1212;2;0;4;3;1;4;0
2;31818;544;782;1107;2;0;4;3;1;4;0
2;31851;688;997;1446;2;0;4;3;1;4;0
1;31918;914;752;1885;2;0;4;3;1;4;0
1;31961;1095;1340;1820;2;0;4;3;1;4;29122
2;32040;680;1274;1955;2;0;4;3;1;4;0
2;32046;1450;1275;1992;2;0;4;3;1;4;30588
2;32146;1277;608;1902;2;0;4;3;1;4;0
0;32185;1437;897;1755;2;0;4;3;1;4;0
1;32215;1200;1064;1024;2;0;4;3;1;4;0
0;32287;759;800;1871;2;0;4;3;1;4;0
0;32317;1227;922;1152;2;0;4;3;1;4;1024
1;32338;1232;1478;1920;2;0;4;3;1;4;32580
0;32361;1026;1359;1386;2;0;4;3;1;4;0
0;32368;604;1116;1138;2;0;4;3;1;4;0
0;32416;1278;746;1919;2;0;4;3;1;4;0
1;32500;1269;598;1266;2;0;4;3;1;4;1107
1;32550;917;1486;1097;2;0;4;3;1;4;0
0;32581;550;553;1748;2;0;4;3;1;4;1024
1;32608;1151;1033;1582;2;0;4;3;1;4;0
1;32705;1438;1164;1963;2;0;4;3;1;4;1107
0;32773;847;1483;1509;2;0;4;3;1;4;0
0;32813;1234;1158;1612;2;0;4;3;1;4;1024
2;32895;743;1033;1060;2;0;4;3;1;4;0
0;32970;728;773;1767;2;0;4;3;1;4;0
2;33009;1116;1154;1354;2;0;4;3;1;4;0
2;33099;1316;638;1651;2;0;4;3;1;4;33196
2;33145;1097;543;1577;2;0;4;3;1;4;0
2;33219;1429;680;1489;2;0;4;3;1;4;0
0;33261;966;1429;1231;2;0;4;3;1;4;0
0;33289;585;648;1549;2;0;4;3;1;4;0
2;33331;686;1368;1461;2;0;4;3;1;4;0
0;33360;1257;1414;1484;2;0;4;3;1;4;1138
1;33410;1390;1049;1535;2;0;4;3;1;4;1152
0;33428;595;1255;1795;2;0;4;3;1;4;0
2;33504;1247;794;1674;2;0;4;3;1;4;34847
1;33558;644;1205;1820;2;0;4;3;1;4;1060
1;33574;569;974;1087;2;0;4;3;1;4;1060
1;33627;617;1332;1513;2;0;4;3;1;4;0
1;33688;1460;1030;1865;2;0;4;3;1;4;36521
2;33735;612;1248;1533;2;0;4;3;1;4;0
2;33743;1351;901;1053;2;0;4;3;1;4;38386
1;33816;1293;1229;1838;2;0;4;3;1;4;0
0;33828;516;1147;1075;2;0;4;3;1;4;0
0;33889;1372;1287;1158;2;0;4;3;1;4;0
0;33972;1479;529;1276;2;0;4;3;1;4;0
2;34055;1268;966;1389;2;0;4;3;1;4;0
2;34134;992;1324;1093;2;0;4;3;1;4;0
0;34185;661;954;1364;2;0;4;3;1;4;0
1;34228;720;504;1917;2;0;4;3;1;4;0
1;34243;1359;1434;1371;2;0;4;3;1;4;0
0;34319;1157;918;1201;2;0;4;3;1;4;0
2;34380;1391;1475;1713;2;0;4;3;1;4;0
2;34448;841;1309;1544;2;0;4;3;1;4;0
1;34498;1423;1297;1582;2;0;4;3;1;4;37709
1;34577;647;1325;1119;2;0;4;3;1;4;0
1;34624;853;1499;1469;2;0;4;3;1;4;0
1;34626;1011;1357;1528;2;0;4;3;1;4;0
0;34629;763;1459;1622;2;0;4;3;1;4;0
1;34712;1233;1119;1125;2;0;4;3;1;4;0
2;34800;742;1104;1359;2;0;4;3;1;4;0
1;34806;616;751;1933;2;0;4;3;1;4;0
0;34889;1464;1498;1480;2;0;4;3;1;4;0
0;34895;704;1170;1281;2;0;4;3;1;4;0
0;34913;955;1190;1862;2;0;4;3;1;4;1093
0;34952;1185;1397;1197;2;0;4;3;1;4;0
2;35011;819;1016;1857;2;0;4;3;1;4;0
1;35062;1305;1301;1365;2;0;4;3;1;4;38165
2;35110;601;980;1567;2;0;4;3;1;4;0
2;35183;900;1264;1853;2;0;4;3;1;4;0
0;35226;777;662;1786;2;0;4;3;1;4;0
1;35280;1192;971;1950;2;0;4;3;1;4;0
2;35352;1466;1425;1825;2;0;4;3;1;4;0
0;35389;1308;643;1234;2;0;4;3;1;4;0
0;35464;1424;1018;1283;2;0;4;3;1;4;0
1;35506;913;1238;1845;2;0;4;3;1;4;0
0;35598;1478;1421;1084;2;0;4;3;1;4;0
0;35627;877;1395;1539;2;0;4;3;1;4;0
1;35679;1034;1274;1130;2;0;4;3;1;4;0
2;35725;1006;1345;1158;2;0;4;3;1;4;0
2;35748;1355;1387;1989;2;0;4;3;1;4;39530
0;35760;1086;1058;1773;2;0;4;3;1;4;1084
0;35785;938;666;1279;2;0;4;3;1;4;0
2;35802;641;1235;1938;2;0;4;3;1;4;39530
0;35866;1487;665;1490;2;0;4;3;1;4;1158
2;35903;790;1066;1270;2;0;4;3;1;4;0
2;36001;1321;1119;1071;2;0;4;3;1;4;0
0;36004;917;1118;1653;2;0;4;3;1;4;0
1;36064;714;819;1633;2;0;4;3;1;4;0
2;36065;1076;536;1528;2;0;4;3;1;4;0
2;36128;799;560;1518;2;0;4;3;1;4;0
0;36195;1005;1469;1344;2;0;4;3;1;4;0
1;36266;761;627;1751;2;0;4;3;1;4;1071
1;36328;1397;956;1997;2;0;4;3;1;4;1084
2;36412;705;1500;1301;2;0;4;3;1;4;41468
2;36447;1272;901;1692;2;0;4;3;1;4;41519
2;36471;1303;741;1702;2;0;4;3;1;4;43211
2;36498;1286;1373;1622;2;0;4;3;1;4;44913
0;36538;1435;1269;1910;2;0;4;3;1;4;1071
0;36615;668;925;1578;2;0;4;3;1;4;0
1;36704;622;1257;1272;2;0;4;3;1;4;0
2;36707;1124;677;1663;2;0;4;3;1;4;0
0;36759;851;1459;1497;2;0;4;3;1;4;0
2;36791;1347;543;1164;2;0;4;3;1;4;44701
1;36854;898;827;1799;2;0;4;3;1;4;0
2;36950;767;1043;1582;2;0;4;3;1;4;0
1;37032;1494;1206;1858;2;0;4;3;1;4;0
0;37122;914;1442;1930;2;0;4;3;1;4;0
1;37162;789;913;1999;2;0;4;3;1;4;0
2;37205;991;991;1940;2;0;4;3;1;4;0
1;37289;1397;1239;1745;2;0;4;3;1;4;0
0;37356;1204;666;1447;2;0;4;3;1;4;0
2;37373;975;1419;1241;2;0;4;3;1;4;0
1;37445;674;632;1846;2;0;4;3;1;4;0
2;37519;960;734;1330;2;0;4;3;1;4;0
0;37524;788;1259;1468;2;0;4;3;1;4;0
1;37534;1485;1173;1579;2;0;4;3;1;4;0
0;37576;1051;691;1691;2;0;4;3;1;4;0
1;37616;933;1228;1354;2;0;4;3;1;4;44701
0;37696;712;1371;1157;2;0;4;3;1;4;0
0;37772;1319;712;1892;2;0;4;3;1;4;1272
1;37819;1231;860;1520;2;0;4;3;1;4;0
1;37820;779;1422;1453;2;0;4;3;1;4;0
2;37906;689;553;1418;2;0;4;3;1;4;0
0;37950;952;1151;1511;2;0;4;3;1;4;1330
2;38001;752;1212;1446;2;0;4;3;1;4;44698
0;38026;1027;763;1070;2;0;4;3;1;4;1447
0;38035;723;1099;1132;2;0;4;3;1;4;1330
2;38037;621;916;1574;2;0;4;3;1;4;44698
2;38136;903;652;1574;2;0;4;3;1;4;0
0;38157;1112;1379;1221;2;0;4;3;1;4;1241
0;38230;811;768;1271;2;0;4;3;1;4;1221
2;38282;1050;1439;1470;2;0;4;3;1;4;46144
1;38357;559;872;1035;2;0;4;3;1;4;0
1;38360;732;601;1446;2;0;4;3;1;4;0
1;38406;1142;654;1190;2;0;4;3;1;4;0
2;38447;991;710;1789;2;0;4;3;1;4;46001
1;38534;1204;1085;1255;2;0;4;3;1;4;0
0;38617;1072;1113;1611;2;0;4;3;1;4;0
2;38622;1319;839;1394;2;0;4;3;1;4;47343
0;38657;1151;969;1527;2;0;4;3;1;4;1070
2;38712;1233;961;1861;2;0;4;3;1;4;0
0;38791;1004;1437;1690;2;0;4;3;1;4;1132
2;38819;1129;929;1399;2;0;4;3;1;4;47790
1;38855;980;712;1935;2;0;4;3;1;4;0
0;38874;853;847;1151;2;0;4;3;1;4;0
0;38904;713;1495;1864;2;0;4;3;1;4;0
1;39000;673;935;1268;2;0;4;3;1;4;0
1;39086;1223;1085;1267;2;0;4;3;1;4;0
0;39121;1140;559;1374;2;0;4;3;1;4;0
1;39164;1187;632;1137;2;0;4;3;1;4;0
2;39178;1351;561;1416;2;0;4;3;1;4;48737
2;39198;768;661;1031;2;0;4;3;1;4;0
2;39218;1287;1208;1559;2;0;4;3;1;4;0
0;39250;924;1450;1971;2;0;4;3;1;4;0
2;39268;1207;1490;1650;2;0;4;3;1;4;0
1;39342;571;1465;1134;2;0;4;3;1;4;0
0;39420;588;1212;1376;2;0;4;3;1;4;0
1;39420;1430;653;1417;2;0;4;3;1;4;48581
0;39453;1145;903;1501;2;0;4;3;1;4;0
1;39547;674;1215;1754;2;0;4;3;1;4;0
2;39598;1082;1157;1032;2;0;4;3;1;4;0
2;39684;1251;1486;1441;2;0;4;3;1;4;0
2;39697;1150;1266;1990;2;0;4;3;1;4;49998
0;39766;721;1426;1856;2;0;4;3;1;4;0
1;39833;572;1433;1637;2;0;4;3;1;4;49998
1;39910;884;1079;1335;2;0;4;3;1;4;0
0;39998;910;1066;1816;2;0;4;3;1;4;0
1;40048;852;1006;1220;2;0;4;3;1;4;0
1;40098;699;1326;1156;2;0;4;3;1;4;0
1;40184;1268;544;1062;2;0;4;3;1;4;0
2;40255;860;592;1667;2;0;4;3;1;4;0
0;40289;541;1072;1568;2;0;4;3;1;4;0
2;40319;977;1281;1557;2;0;4;3;1;4;0
1;40358;1437;669;1008;2;0;4;3;1;4;0
1;40455;1278;527;1180;2;0;4;3;1;4;0
2;40497;1176;1336;1289;2;0;4;3;1;4;0
2;40557;920;609;1543;2;0;4;3;1;4;0
0;40574;1199;1199;1876;2;0;4;3;1;4;0
2;40671;596;974;1348;2;0;4;3;1;4;0
1;40735;1381;509;1721;2;0;4;3;1;4;0
2;40753;897;1352;1010;2;0;4;3;1;4;0
0;40799;676;639;1357;2;0;4;3;1;4;0
0;40831;543;1489;1781;2;0;4;3;1;4;0
1;40922;1431;1347;1059;2;0;4;3;1;4;0
1;40933;728;1382;1767;2;0;4;3;1;4;0
1;40934;954;1002;1755;2;0;4;3;1;4;0
1;40995;834;786;1924;2;0;4;3;1;4;0
2;41039;1144;831;1245;2;0;4;3;1;4;0
1;41128;1183;932;1844;2;0;4;3;1;4;0
1;41175;941;1245;1359;2;0;4;3;1;4;0
2;41229;852;1272;1588;2;0;4;3;1;4;0
0;41328;1290;871;1034;2;0;4;3;1;4;0
1;41382;966;722;1108;2;0;4;3;1;4;0
1;41427;1078;1009;1445;2;0;4;3;1;4;0
0;41525;894;1449;1842;2;0;4;3;1;4;0
0;41573;1118;1174;1192;2;0;4;3;1;4;1010
1;41614;1075;1271;1488;2;0;4;3;1;4;1034
1;41675;1135;719;1920;2;0;4;3;1;4;0
0;41721;1075;1211;1769;2;0;4;3;1;4;0
2;41804;691;1115;1231;2;0;4;3;1;4;0
1;41851;957;1235;1429;2;0;4;3;1;4;0
2;41927;953;667;1256;2;0;4;3;1;4;0
2;41996;1016;736;1155;2;0;4;3;1;4;0
2;42092;1334;1010;1721;2;0;4;3;1;4;0
2;42097;946;666;1228;2;0;4;3;1;4;49042
0;42142;1101;606;1801;2;0;4;3;1;4;1034
1;42217;1134;583;1653;2;0;4;3;1;4;0
2;42249;1431;1083;1140;2;0;4;3;1;4;49395
1;42277;1057;1039;1861;2;0;4;3;1;4;0
1;42311;977;705;1367;2;0;4;3;1;4;0
1;42406;1394;787;1968;2;0;4;3;1;4;0
0;42432;1386;746;1509;2;0;4;3;1;4;0
2;42452;861;1133;1820;2;0;4;3;1;4;0
2;42470;772;827;1510;2;0;4;3;1;4;0
2;42477;1181;878;1461;2;0;4;3;1;4;50535
0;42552;1092;907;1505;2;0;4;3;1;4;0
0;42589;1155;1194;1072;2;0;4;3;1;4;1192
0;42601;1162;954;1182;2;0;4;3;1;4;1231
1;42677;895;1311;1705;2;0;4;3;1;4;0
2;42686;522;646;1002;2;0;4;3;1;4;0
1;42714;983;1103;1733;2;0;4;3;1;4;0
0;42720;1315;1453;1021;2;0;4;3;1;4;0
0;42770;932;1104;1506;2;0;4;3;1;4;0
2;42842;1148;974;1348;2;0;4;3;1;4;49288
2;42919;543;735;1970;2;0;4;3;1;4;0
2;42958;609;1142;1600;2;0;4;3;1;4;50636
0;43020;1483;1419;1227;2;0;4;3;1;4;1021
0;43095;1227;1321;1343;2;0;4;3;1;4;1072
0;43125;733;1232;1825;2;0;4;3;1;4;0
1;43126;537;1267;1695;2;0;4;3;1;4;1002
1;43168;1005;1094;1912;2;0;4;3;1;4;1072
0;43209;1154;1422;1427;2;0;4;3;1;4;1072
1;43210;654;1247;1086;2;0;4;3;1;4;0
1;43239;1201;1500;1544;2;0;4;3;1;4;1343
1;43280;950;1257;1549;2;0;4;3;1;4;1021
1;43302;838;529;1860;2;0;4;3;1;4;1021
0;43329;823;1331;1786;2;0;4;3;1;4;1086
2;43348;962;748;1386;2;0;4;3;1;4;50749
2;43425;1469;1202;1612;2;0;4;3;1;4;52135
2;43517;1091;1055;1929;2;0;4;3;1;4;53747
0;43605;1012;1404;1042;2;0;4;3;1;4;0
2;43671;588;1268;1690;2;0;4;3;1;4;0
2;43693;538;846;1061;2;0;4;3;1;4;0
2;43734;806;1333;1509;2;0;4;3;1;4;0
2;43735;680;1470;1502;2;0;4;3;1;4;0
0;43828;935;1469;1028;2;0;4;3;1;4;1042
0;43897;831;651;1770;2;0;4;3;1;4;0
1;43910;950;625;1763;2;0;4;3;1;4;0
0;43992;1328;759;1080;2;0;4;3;1;4;0
0;44020;967;568;1358;2;0;4;3;1;4;0
0;44105;631;1236;1934;2;0;4;3;1;4;0
0;44119;859;794;1171;2;0;4;3;1;4;0
2;44167;946;1188;1328;2;0;4;3;1;4;0
1;44180;660;831;1882;2;0;4;3;1;4;0
2;44212;1022;600;1049;2;0;4;3;1;4;0
0;44224;547;1174;1070;2;0;4;3;1;4;0
1;44232;990;776;1399;2;0;4;3;1;4;1028
2;44284;1486;666;1423;2;0;4;3;1;4;53901
1;44330;982;1242;1106;2;0;4;3;1;4;0
1;44430;1398;1155;1449;2;0;4;3;1;4;0
0;44433;1446;1030;1266;2;0;4;3;1;4;0
2;44487;1172;930;1151;2;0;4;3;1;4;55324
1;44520;1477;765;1832;2;0;4;3;1;4;56475
0;44587;886;1411;1140;2;0;4;3;1;4;1028
2;44657;1202;631;1575;2;0;4;3;1;4;0
0;44704;1345;1366;1314;2;0;4;3;1;4;1049
1;44755;653;604;1016;2;0;4;3;1;4;0
1;44815;621;958;1274;2;0;4;3;1;4;0
0;44837;1318;1078;1157;2;0;4;3;1;4;1049
2;44877;586;1184;1485;2;0;4;3;1;4;0
0;44919;814;1360;1800;2;0;4;3;1;4;0
1;44946;1043;708;1087;2;0;4;3;1;4;0
1;44958;900;1381;1640;2;0;4;3;1;4;56475
0;45023;997;958;1805;2;0;4;3;1;4;1087
2;45115;901;979;1641;2;0;4;3;1;4;0
0;45123;1436;699;1796;2;0;4;3;1;4;0
1;45210;658;828;1721;2;0;4;3;1;4;0
0;45213;982;639;1049;2;0;4;3;1;4;0
0;45261;1374;1333;1677;2;0;4;3;1;4;1106
0;45294;1445;536;1575;2;0;4;3;1;4;1016
1;45298;1387;961;1515;2;0;4;3;1;4;58307
1;45334;828;1416;1675;2;0;4;3;1;4;0
1;45346;817;1016;1246;2;0;4;3;1;4;58130
1;45408;1322;1485;1455;2;0;4;3;1;4;0
1;45438;1457;606;1330;2;0;4;3;1;4;1087
0;45526;1336;1329;1879;2;0;4;3;1;4;1087
0;45621;920;862;1800;2;0;4;3;1;4;0
0;45708;1197;1255;1464;2;0;4;3;1;4;0
0;45757;617;537;1555;2;0;4;3;1;4;0
2;45823;1018;603;1253;2;0;4;3;1;4;0
2;45865;1064;518;1280;2;0;4;3;1;4;58377
2;45923;897;674;1748;2;0;4;3;1;4;0
1;45944;1114;1068;1507;2;0;4;3;1;4;0
1;46000;1312;810;1734;2;0;4;3;1;4;0
1;46072;1136;864;1795;2;0;4;3;1;4;0
0;46077;1476;992;1131;2;0;4;3;1;4;1157
0;46096;872;996;1038;2;0;4;3;1;4;0
2;46161;990;716;1688;2;0;4;3;1;4;0
0;46184;1041;997;1664;2;0;4;3;1;4;0
1;46214;1318;1064;1799;2;0;4;3;1;4;58646
2;46234;1316;912;1867;2;0;4;3;1;4;60445
0;46264;728;1274;1863;2;0;4;3;1;4;0
1;46340;949;1480;1585;2;0;4;3;1;4;1131
2;46431;1126;1460;1894;2;0;4;3;1;4;60445
1;46465;1316;1173;1436;2;0;4;3;1;4;62312
2;46504;831;934;1766;2;0;4;3;1;4;0
1;46593;906;780;1856;2;0;4;3;1;4;0
0;46606;873;867;1196;2;0;4;3;1;4;1038
0;46637;528;1034;1446;2;0;4;3;1;4;0
0;46722;644;794;1713;2;0;4;3;1;4;0
1;46780;620;1369;1096;2;0;4;3;1;4;0
2;46794;553;1037;1579;2;0;4;3;1;4;0
2;46801;744;955;1565;2;0;4;3;1;4;0
2;46803;540;1046;1281;2;0;4;3;1;4;0
2;46873;1041;508;1352;2;0;4;3;1;4;0
1;46920;1052;1224;1112;2;0;4;3;1;4;0
2;46939;580;802;1874;2;0;4;3;1;4;60841
0;46959;560;974;1674;2;0;4;3;1;4;0
0;47051;1271;898;1017;2;0;4;3;1;4;0
0;47081;632;989;1340;2;0;4;3;1;4;0
2;47155;1300;1440;1589;2;0;4;3;1;4;0
2;47250;727;1403;1700;2;0;4;3;1;4;0
2;47277;571;1245;1225;2;0;4;3;1;4;0
2;47321;576;1096;1604;2;0;4;3;1;4;0
0;47375;866;817;1086;2;0;4;3;1;4;0
0;47446;914;681;1994;2;0;4;3;1;4;0
2;47527;692;749;1669;2;0;4;3;1;4;0
2;47594;1104;620;1873;2;0;4;3;1;4;0
0;47680;589;896;1583;2;0;4;3;1;4;0
0;47703;1381;1318;1736;2;0;4;3;1;4;0
2;47784;1232;1142;1715;2;0;4;3;1;4;0
0;47791;1364;579;1826;2;0;4;3;1;4;0
0;47811;640;635;1356;2;0;4;3;1;4;0
1;47830;1160;808;1150;2;0;4;3;1;4;0
2;47919;1483;881;1608;2;0;4;3;1;4;0
2;48008;703;1281;1928;2;0;4;3;1;4;0
1;48066;732;633;1492;2;0;4;3;1;4;0
2;48120;1380;795;1360;2;0;4;3;1;4;0
1;48218;1050;552;1750;2;0;4;3;1;4;0
0;48300;1111;1438;1849;2;0;4;3;1;4;0
0;48384;908;1410;1594;2;0;4;3;1;4;0
1;48405;906;708;1551;2;0;4;3;1;4;0
1;48457;1199;1361;1621;2;0;4;3;1;4;0
2;48476;1417;1086;1642;2;0;4;3;1;4;60695
2;48553;1412;620;1417;2;0;4;3;1;4;62337
1;48575;1122;1380;1553;2;0;4;3;1;4;0
0;48651;1387;851;1733;2;0;4;3;1;4;0
0;48693;546;1280;1121;2;0;4;3;1;4;0
1;48712;916;1068;1758;2;0;4;3;1;4;0
1;48727;783;573;1054;2;0;4;3;1;4;0
2;48763;836;875;1378;2;0;4;3;1;4;0
1;48790;1363;1130;1312;2;0;4;3;1;4;63754
0;48837;1182;551;1363;2;0;4;3;1;4;1054
1;48847;1241;924;1500;2;0;4;3;1;4;0
1;48917;636;526;1827;2;0;4;3;1;4;0
0;48988;1003;723;1819;2;0;4;3;1;4;0
1;49054;817;589;1496;2;0;4;3;1;4;1360
2;49098;967;756;1082;2;0;4;3;1;4;63754
1;49156;1452;758;1549;2;0;4;3;1;4;65066
2;49225;1268;662;1898;2;0;4;3;1;4;0
1;49312;1435;1217;1004;2;0;4;3;1;4;0
0;49368;1442;1139;1644;2;0;4;3;1;4;0
2;49380;574;1382;1406;2;0;4;3;1;4;0
0;49414;1282;672;1195;2;0;4;3;1;4;0
0;49450;845;781;1965;2;0;4;3;1;4;0
1;49522;1027;1267;1316;2;0;4;3;1;4;0
0;49535;829;1389;1860;2;0;4;3;1;4;0
1;49536;1240;1266;1980;2;0;4;3;1;4;1004
1;49607;765;548;1245;2;0;4;3;1;4;0
2;49700;754;1053;1918;2;0;4;3;1;4;0
0;49788;1150;856;1415;2;0;4;3;1;4;0
2;49815;1335;1359;1951;2;0;4;3;1;4;64835
1;49876;675;711;1304;2;0;4;3;1;4;0
0;49903;1365;1322;1636;2;0;4;3;1;4;1004
1;49954;1495;1286;1387;2;0;4;3;1;4;0
2;50013;852;1171;1309;2;0;4;3;1;4;0
2;50024;829;1351;1269;2;0;4;3;1;4;0
1;50071;1287;1341;2000;2;0;4;3;1;4;1004
1;50164;848;519;1244;2;0;4;3;1;4;0
1;50176;1284;1282;1484;2;0;4;3;1;4;0
0;50177;1200;1381;1627;2;0;4;3;1;4;0
2;50251;967;1469;1920;2;0;4;3;1;4;0
1;50303;770;846;1863;2;0;4;3;1;4;0
1;50313;1430;1178;1220;2;0;4;3;1;4;1195
1;50356;1419;994;1001;2;0;4;3;1;4;66786
0;50388;1344;821;1240;2;0;4;3;1;4;1245
2;50396;986;763;1164;2;0;4;3;1;4;66786
2;50453;897;811;1412;2;0;4;3;1;4;67787
2;50495;693;700;1994;2;0;4;3;1;4;0
2;50495;914;737;1818;2;0;4;3;1;4;67950
0;50526;1062;564;1622;2;0;4;3;1;4;1220
2;50608;1191;1308;1375;2;0;4;3;1;4;69199
1;50618;813;685;1874;2;0;4;3;1;4;0
2;50686;522;800;1737;2;0;4;3;1;4;0
0;50716;1349;858;1642;2;0;4;3;1;4;0
2;50788;1006;975;1620;2;0;4;3;1;4;0
0;50872;1184;950;1707;2;0;4;3;1;4;1220
0;50898;675;937;1665;2;0;4;3;1;4;0
2;50945;1279;1484;1252;2;0;4;3;1;4;68192
1;50963;1259;1172;1749;2;0;4;3;1;4;1269
0;51060;1231;1413;1630;2;0;4;3;1;4;0
0;51062;1212;750;1287;2;0;4;3;1;4;1240
0;51146;936;1185;1221;2;0;4;3;1;4;1220
1;51174;969;716;1269;2;0;4;3;1;4;0
2;51189;550;727;1286;2;0;4;3;1;4;0
0;51238;586;613;1860;2;0;4;3;1;4;0
1;51256;863;1332;1645;2;0;4;3;1;4;0
1;51331;1387;767;1958;2;0;4;3;1;4;69444
2;51428;710;634;1521;2;0;4;3;1;4;0
0;51444;1281;680;1609;2;0;4;3;1;4;1220
2;51487;1406;955;1481;2;0;4;3;1;4;0
1;51491;1236;977;1753;2;0;4;3;1;4;1286
0;51507;597;1310;1819;2;0;4;3;1;4;0
1;51553;1267;1213;1589;2;0;4;3;1;4;1481
0;51565;935;804;1562;2;0;4;3;1;4;0
0;51634;679;666;1773;2;0;4;3;1;4;0
2;51687;571;1417;1256;2;0;4;3;1;4;0
0;51784;617;688;1653;2;0;4;3;1;4;0
1;51856;1271;1228;1515;2;0;4;3;1;4;0
2;51904;952;1285;1850;2;0;4;3;1;4;69444
1;51927;1355;1051;1148;2;0;4;3;1;4;0
2;52016;513;1286;1315;2;0;4;3;1;4;0
0;52042;803;893;1162;2;0;4;3;1;4;0
2;52130;1264;560;1024;2;0;4;3;1;4;71402
0;52156;1304;1065;1512;2;0;4;3;1;4;1148
2;52220;1280;1403;1430;2;0;4;3;1;4;0
0;52300;776;1096;1286;2;0;4;3;1;4;1162
0;52371;1032;924;1713;2;0;4;3;1;4;0
0;52375;1334;733;1646;2;0;4;3;1;4;1148
1;52458;1498;1056;1282;2;0;4;3;1;4;1256
0;52487;560;722;1437;2;0;4;3;1;4;0
1;52502;534;1120;1303;2;0;4;3;1;4;0
0;52510;642;884;1030;2;0;4;3;1;4;0
1;52557;725;1489;1769;2;0;4;3;1;4;0
1;52630;1147;1015;1708;2;0;4;3;1;4;1303
0;52702;854;934;1287;2;0;4;3;1;4;1030
0;52775;1179;935;1328;2;0;4;3;1;4;0
1;52815;1487;1336;1933;2;0;4;3;1;4;1148
1;52892;884;1338;1399;2;0;4;3;1;4;0
1;52911;1183;749;1432;2;0;4;3;1;4;0
1;53007;1113;882;1727;2;0;4;3;1;4;0
2;53080;574;943;1832;2;0;4;3;1;4;0
2;53167;663;1312;1234;2;0;4;3;1;4;0
0;53257;1256;649;1938;2;0;4;3;1;4;0
2;53283;1479;764;1306;2;0;4;3;1;4;70724
1;53314;762;892;1559;2;0;4;3;1;4;0
2;53393;1455;1452;1425;2;0;4;3;1;4;0
0;53476;1313;615;1262;2;0;4;3;1;4;1282
2;53527;752;1196;1957;2;0;4;3;1;4;0
2;53591;1357;1242;1161;2;0;4;3;1;4;70886
1;53657;1245;1001;1010;2;0;4;3;1;4;1286
0;53751;937;698;1972;2;0;4;3;1;4;0
1;53770;715;735;1160;2;0;4;3;1;4;0
0;53770;533;567;1075;2;0;4;3;1;4;1160
0;53866;1343;1104;1333;2;0;4;3;1;4;1234
1;53949;1121;1213;1409;2;0;4;3;1;4;0
0;53968;1464;1116;1811;2;0;4;3;1;4;0
2;53969;1195;1435;1089;2;0;4;3;1;4;0
2;53992;860;1107;1802;2;0;4;3;1;4;0
0;54039;657;1040;1729;2;0;4;3;1;4;0
1;54070;1221;863;1013;2;0;4;3;1;4;72047
0;54166;586;1336;1934;2;0;4;3;1;4;0
0;54242;836;1333;1358;2;0;4;3;1;4;0
0;54270;1328;1018;1715;2;0;4;3;1;4;0
2;54293;755;1019;1623;2;0;4;3;1;4;72047
2;54357;1449;734;1563;2;0;4;3;1;4;73060
0;54407;991;689;1821;2;0;4;3;1;4;0
0;54465;883;1171;1605;2;0;4;3;1;4;0
0;54503;630;770;1807;2;0;4;3;1;4;0
0;54548;802;1362;1336;2;0;4;3;1;4;1010
0;54553;840;919;1273;2;0;4;3;1;4;0
0;54623;850;645;1375;2;0;4;3;1;4;0
1;54634;1196;552;1784;2;0;4;3;1;4;74623
1;54685;642;685;1901;2;0;4;3;1;4;0
0;54719;1016;1459;1507;2;0;4;3;1;4;0
0;54774;764;934;1460;2;0;4;3;1;4;0
1;54784;1430;1037;1298;2;0;4;3;1;4;0
1;54810;1099;814;1061;2;0;4;3;1;4;0
2;54841;615;1408;1978;2;0;4;3;1;4;0
1;54869;1116;933;1032;2;0;4;3;1;4;0
0;54871;933;1482;1234;2;0;4;3;1;4;1010
1;54910;1289;681;1995;2;0;4;3;1;4;0
1;54947;1380;1394;1497;2;0;4;3;1;4;1061
1;54970;1436;645;1588;2;0;4;3;1;4;76407
1;55025;796;1154;1452;2;0;4;3;1;4;0
0;55072;719;1453;1353;2;0;4;3;1;4;0
2;55101;1083;836;1926;2;0;4;3;1;4;76207
0;55194;1107;583;1326;2;0;4;3;1;4;1032
1;55226;916;953;1190;2;0;4;3;1;4;0
1;55312;1264;855;1406;2;0;4;3;1;4;0
0;55398;724;1140;1262;2;0;4;3;1;4;1061
0;55401;573;1001;1730;2;0;4;3;1;4;0
0;55403;702;1323;1982;2;0;4;3;1;4;0
0;55472;848;1181;1155;2;0;4;3;1;4;0
0;55563;856;994;1381;2;0;4;3;1;4;0
0;55596;535;1405;1902;2;0;4;3;1;4;0
2;55634;1382;937;1663;2;0;4;3;1;4;76207
1;55678;749;732;1202;2;0;4;3;1;4;0
0;55679;519;1262;1190;2;0;4;3;1;4;0
1;55734;598;959;1818;2;0;4;3;1;4;0
0;55784;1324;1314;1553;2;0;4;3;1;4;0
2;55869;653;1154;1610;2;0;4;3;1;4;0
1;55879;900;867;1602;2;0;4;3;1;4;0
2;55928;808;1195;1334;2;0;4;3;1;4;0
2;55973;814;670;1510;2;0;4;3;1;4;0
0;55982;1065;879;1368;2;0;4;3;1;4;0
0;56073;1347;1409;1123;2;0;4;3;1;4;0
2;56145;905;945;1049;2;0;4;3;1;4;0
1;56186;1319;851;1376;2;0;4;3;1;4;77870
2;56284;602;1305;1618;2;0;4;3;1;4;0
0;56307;1136;1006;1857;2;0;4;3;1;4;0
2;56333;553;1228;1597;2;0;4;3;1;4;0
2;56363;862;697;1533;2;0;4;3;1;4;0
1;56414;755;1007;1037;2;0;4;3;1;4;0
1;56497;1226;513;1456;2;0;4;3;1;4;0
2;56518;1341;1282;1836;2;0;4;3;1;4;79246
0;56522;745;1034;1316;2;0;4;3;1;4;0
0;56597;709;571;1198;2;0;4;3;1;4;0
1;56646;751;1298;1480;2;0;4;3;1;4;0
1;56716;1276;1361;1375;2;0;4;3;1;4;0
1;56775;1491;1088;1892;2;0;4;3;1;4;1049
0;56841;1106;1193;1947;2;0;4;3;1;4;0
2;56847;665;861;1860;2;0;4;3;1;4;0
0;56938;727;1265;1855;2;0;4;3;1;4;0
1;57011;1286;654;1259;2;0;4;3;1;4;0
1;57026;951;1321;1082;2;0;4;3;1;4;0
0;57065;1245;665;1969;2;0;4;3;1;4;1123
2;57159;651;1399;1383;2;0;4;3;1;4;0
0;57171;731;1351;1304;2;0;4;3;1;4;0
0;57195;1171;534;1230;2;0;4;3;1;4;0
0;57221;1027;958;1749;2;0;4;3;1;4;0
2;57293;991;794;1253;2;0;4;3;1;4;0
2;57382;906;1282;1276;2;0;4;3;1;4;0
1;57382;1179;1460;1490;2;0;4;3;1;4;0
0;57407;609;1033;1301;2;0;4;3;1;4;0
2;57434;911;711;1907;2;0;4;3;1;4;0
1;57482;862;535;1063;2;0;4;3;1;4;0
1;57484;1454;940;1558;2;0;4;3;1;4;1082
1;57559;1264;815;1037;2;0;4;3;1;4;79152
1;57588;648;946;1552;2;0;4;3;1;4;0
0;57668;702;1139;1103;2;0;4;3;1;4;0
2;57759;1342;1039;1259;2;0;4;3;1;4;80189
0;57802;836;581;1693;2;0;4;3;1;4;0
0;57844;901;1334;1490;2;0;4;3;1;4;0
2;57865;553;515;1975;2;0;4;3;1;4;0
1;57877;865;865;1868;2;0;4;3;1;4;0
2;57975;1433;1445;1675;2;0;4;3;1;4;0
2;58068;584;1102;1377;2;0;4;3;1;4;0
1;58131;1373;910;1047;2;0;4;3;1;4;0
1;58183;578;958;1933;2;0;4;3;1;4;0
1;58197;1103;619;1211;2;0;4;3;1;4;80189
0;58221;910;987;1656;2;0;4;3;1;4;0
0;58296;636;665;1142;2;0;4;3;1;4;0
2;58394;620;1208;1831;2;0;4;3;1;4;0
1;58453;1360;663;1751;2;0;4;3;1;4;0
1;58503;551;1342;1188;2;0;4;3;1;4;0
0;58523;719;954;1684;2;0;4;3;1;4;0
1;58590;579;1465;1507;2;0;4;3;1;4;0
2;58599;1393;1120;1939;2;0;4;3;1;4;0
2;58612;1471;1452;1693;2;0;4;3;1;4;0
2;58676;881;732;1257;2;0;4;3;1;4;79580
1;58737;581;1079;1738;2;0;4;3;1;4;0
2;58801;1463;1244;1346;2;0;4;3;1;4;0
0;58820;1083;1435;1464;2;0;4;3;1;4;0
2;58861;560;1464;1964;2;0;4;3;1;4;0
1;58927;985;1017;1347;2;0;4;3;1;4;0
2;58989;1096;1184;1047;2;0;4;3;1;4;0
0;59066;702;679;1963;2;0;4;3;1;4;0
1;59142;607;1046;1511;2;0;4;3;1;4;0
1;59153;534;865;1684;2;0;4;3;1;4;0
0;59209;769;1462;1603;2;0;4;3;1;4;0
2;59239;842;809;1100;2;0;4;3;1;4;79628
1;59280;1427;553;1088;2;0;4;3;1;4;1047
1;59352;1316;1440;1329;2;0;4;3;1;4;0
1;59416;1038;1085;1373;2;0;4;3;1;4;0
2;59496;1324;1169;1002;2;0;4;3;1;4;80728
0;59536;534;700;1010;2;0;4;3;1;4;0
2;59578;531;1077;1600;2;0;4;3;1;4;0
0;59662;958;1225;1570;2;0;4;3;1;4;0
0;59700;1303;646;1282;2;0;4;3;1;4;0
2;59710;755;1163;1893;2;0;4;3;1;4;0
1;59762;1010;1204;1793;2;0;4;3;1;4;0
1;59838;1147;973;1033;2;0;4;3;1;4;1047
2;59858;1267;920;1737;2;0;4;3;1;4;81730
2;59888;688;839;1519;2;0;4;3;1;4;0
0;59918;1011;885;1189;2;0;4;3;1;4;1047
1;59957;815;967;1525;2;0;4;3;1;4;0
1;59985;1351;873;1417;2;0;4;3;1;4;1088
1;60056;582;1347;1879;2;0;4;3;1;4;0
1;60091;1311;1233;1049;2;0;4;3;1;4;0
0;60158;1403;1130;1029;2;0;4;3;1;4;0
0;60173;752;649;1751;2;0;4;3;1;4;0
1;60216;1224;1489;1501;2;0;4;3;1;4;0
1;60240;1200;1405;1773;2;0;4;3;1;4;0
1;60336;1125;1031;1403;2;0;4;3;1;4;0
2;60375;575;1105;1983;2;0;4;3;1;4;0
0;60401;1292;648;1358;2;0;4;3;1;4;0
0;60497;1128;1128;1690;2;0;4;3;1;4;1029
2;60527;1326;1027;1151;2;0;4;3;1;4;81475
1;60578;633;1142;1465;2;0;4;3;1;4;0
1;60621;1154;534;1832;2;0;4;3;1;4;1029
2;60717;1127;524;1957;2;0;4;3;1;4;0
1;60782;1016;933;1579;2;0;4;3;1;4;0
1;60790;563;1219;1691;2;0;4;3;1;4;0
1;60890;1437;541;1923;2;0;4;3;1;4;0
1;60970;698;991;1033;2;0;4;3;1;4;0
2;61013;858;682;1690;2;0;4;3;1;4;0
2;61021;1344;983;1757;2;0;4;3;1;4;82626
2;61064;870;1182;1282;2;0;4;3;1;4;0
1;61143;667;1399;1417;2;0;4;3;1;4;0
1;61171;1149;1175;1038;2;0;4;3;1;4;0
2;61260;1479;1311;1598;2;0;4;3;1;4;0
1;61295;852;930;1956;2;0;4;3;1;4;0
0;61338;994;532;1548;2;0;4;3;1;4;0
2;61402;1308;1149;1758;2;0;4;3;1;4;84383
2;61449;1283;1209;1628;2;0;4;3;1;4;86141
0;61528;1409;1321;1018;2;0;4;3;1;4;1038
0;61552;1049;979;1230;2;0;4;3;1;4;1033
2;61620;1019;1268;1633;2;0;4;3;1;4;0
2;61621;1449;745;1516;2;0;4;3;1;4;87769
2;61683;630;693;1888;2;0;4;3;1;4;0
0;61764;1211;1070;1993;2;0;4;3;1;4;0
2;61824;900;1041;1550;2;0;4;3;1;4;0
2;61853;789;778;1451;2;0;4;3;1;4;0
2;61900;1105;1363;1964;2;0;4;3;1;4;87365
0;61911;998;689;1274;2;0;4;3;1;4;0
1;62011;981;939;1732;2;0;4;3;1;4;0
1;62082;968;1347;1818;2;0;4;3;1;4;0
2;62090;1042;1142;1929;2;0;4;3;1;4;0
2;62150;1426;918;1857;2;0;4;3;1;4;89329
2;62200;796;527;1948;2;0;4;3;1;4;0
2;62271;536;897;1674;2;0;4;3;1;4;0
1;62292;1269;948;1588;2;0;4;3;1;4;0
1;62328;925;742;1617;2;0;4;3;1;4;0
0;62387;1481;843;1264;2;0;4;3;1;4;0
1;62483;1150;1423;1467;2;0;4;3;1;4;0
2;62536;553;1259;1142;2;0;4;3;1;4;0
1;62558;723;839;1395;2;0;4;3;1;4;0
2;62634;1044;549;1615;2;0;4;3;1;4;0
0;62650;1379;614;1561;2;0;4;3;1;4;0
0;62704;986;1090;1865;2;0;4;3;1;4;0
0;62739;1076;557;1937;2;0;4;3;1;4;0
1;62760;1128;709;1634;2;0;4;3;1;4;0
1;62810;812;1100;1505;2;0;4;3;1;4;0
2;62842;1161;974;1322;2;0;4;3;1;4;91186
2;62847;1281;626;1160;2;0;4;3;1;4;91186
2;62920;577;1047;1530;2;0;4;3;1;4;0
2;62921;1346;1134;1724;2;0;4;3;1;4;92508
1;63018;1079;855;1500;2;0;4;3;1;4;0
0;63085;892;1311;1456;2;0;4;3;1;4;0
0;63153;979;1053;1697;2;0;4;3;1;4;0
1;63191;1174;1331;1719;2;0;4;3;1;4;0
2;63207;693;898;1339;2;0;4;3;1;4;92508
0;63227;500;1301;1135;2;0;4;3;1;4;0
0;63250;591;748;1910;2;0;4;3;1;4;0
0;63262;784;1161;1363;2;0;4;3;1;4;0
1;63319;1472;878;1239;2;0;4;3;1;4;92581
0;63325;1096;862;1071;2;0;4;3;1;4;1142
0;63349;820;1311;1788;2;0;4;3;1;4;1135
2;63447;928;1361;1590;2;0;4;3;1;4;92581
2;63454;623;1054;1797;2;0;4;3;1;4;0
0;63504;1499;543;1033;2;0;4;3;1;4;1135
1;63577;1290;1059;1362;2;0;4;3;1;4;0
0;63662;757;837;1300;2;0;4;3;1;4;0
1;63728;1058;1193;1313;2;0;4;3;1;4;0
0;63808;1404;1454;1171;2;0;4;3;1;4;0
1;63848;552;1272;1424;2;0;4;3;1;4;0
1;63911;1078;1365;1465;2;0;4;3;1;4;0
0;63924;1337;1003;1749;2;0;4;3;1;4;0
0;63972;1434;1434;1195;2;0;4;3;1;4;1171
0;64004;1135;761;1510;2;0;4;3;1;4;0
0;64052;868;733;1351;2;0;4;3;1;4;0
1;64090;1354;893;1844;2;0;4;3;1;4;0
0;64161;861;775;1243;2;0;4;3;1;4;0
2;64239;500;1415;1209;2;0;4;3;1;4;0
2;64331;1334;730;1104;2;0;4;3;1;4;0
1;64369;947;847;1889;2;0;4;3;1;4;0
0;64469;770;792;1921;2;0;4;3;1;4;0
1;64472;682;1114;1974;2;0;4;3;1;4;0
1;64562;1487;1016;1290;2;0;4;3;1;4;0
2;64650;1279;793;1168;2;0;4;3;1;4;93820
0;64724;660;800;1516;2;0;4;3;1;4;0
2;64785;733;507;1341;2;0;4;3;1;4;0
0;64854;864;1345;1896;2;0;4;3;1;4;0
0;64947;614;541;1901;2;0;4;3;1;4;0
2;64948;781;946;1201;2;0;4;3;1;4;0
0;64963;1461;1289;1066;2;0;4;3;1;4;0
0;64996;989;1248;1238;2;0;4;3;1;4;0
2;65079;632;1095;1414;2;0;4;3;1;4;0
0;65125;661;1016;1686;2;0;4;3;1;4;0
0;65197;1117;861;1811;2;0;4;3;1;4;0
2;65206;601;551;1930;2;0;4;3;1;4;0
2;65271;1099;827;1069;2;0;4;3;1;4;0
2;65351;1095;1374;1784;2;0;4;3;1;4;0
0;65446;1346;690;1725;2;0;4;3;1;4;0
2;65537;1455;867;1429;2;0;4;3;1;4;0
1;65560;619;896;1290;2;0;4;3;1;4;0
1;65581;1012;739;1077;2;0;4;3;1;4;0
1;65590;739;1419;1640;2;0;4;3;1;4;0
1;65646;895;1048;1350;2;0;4;3;1;4;0
2;65685;501;1314;1058;2;0;4;3;1;4;0
0;65717;931;1081;1071;2;0;4;3;1;4;0
1;65723;1203;968;1835;2;0;4;3;1;4;0
1;65729;1457;740;1970;2;0;4;3;1;4;0
2;65806;755;663;1237;2;0;4;3;1;4;92497
0;65896;1241;944;1857;2;0;4;3;1;4;0
2;65978;573;646;1195;2;0;4;3;1;4;0
0;66039;1245;609;1344;2;0;4;3;1;4;0
1;66085;905;1404;1392;2;0;4;3;1;4;0
2;66148;874;608;1981;2;0;4;3;1;4;0
1;66163;1228;786;1079;2;0;4;3;1;4;0
2;66199;706;792;1070;2;0;4;3;1;4;0
0;66227;1477;1171;1426;2;0;4;3;1;4;0
2;66273;919;906;1031;2;0;4;3;1;4;0
1;66320;1384;1400;1957;2;0;4;3;1;4;1071
2;66320;1348;652;1759;2;0;4;3;1;4;93314
1;66351;1229;1439;1611;2;0;4;3;1;4;1079
0;66373;603;891;1100;2;0;4;3;1;4;0
0;66402;1143;1378;1192;2;0;4;3;1;4;1031
2;66441;1482;1075;1699;2;0;4;3;1;4;93208
2;66523;1298;1231;1367;2;0;4;3;1;4;94907
0;66602;998;1352;1085;2;0;4;3;1;4;0
0;66677;822;902;1555;2;0;4;3;1;4;1070
2;66768;1411;1215;1223;2;0;4;3;1;4;96274
2;66850;668;1336;1215;2;0;4;3;1;4;0
0;66883;583;558;1266;2;0;4;3;1;4;0
0;66967;1379;548;1633;2;0;4;3;1;4;0
1;67066;612;1208;1468;2;0;4;3;1;4;0
2;67133;656;675;1352;2;0;4;3;1;4;0
1;67133;942;1084;1299;2;0;4;3;1;4;0
2;67170;1272;895;1786;2;0;4;3;1;4;0
0;67231;1173;654;1749;2;0;4;3;1;4;0
0;67300;1155;548;1954;2;0;4;3;1;4;0
1;67330;769;773;1122;2;0;4;3;1;4;0
0;67409;1289;751;1647;2;0;4;3;1;4;0
2;67494;839;1125;1124;2;0;4;3;1;4;95221
2;67542;1157;1166;1528;2;0;4;3;1;4;0
1;67560;1216;1020;1482;2;0;4;3;1;4;0
2;67560;1431;1285;1203;2;0;4;3;1;4;96444
1;67647;1074;1057;1957;2;0;4;3;1;4;0
1;67709;1261;1487;1460;2;0;4;3;1;4;0
0;67762;1288;870;1847;2;0;4;3;1;4;0
1;67790;750;1340;1538;2;0;4;3;1;4;0
2;67815;565;1348;1798;2;0;4;3;1;4;0
2;67850;1440;1184;1058;2;0;4;3;1;4;97647
0;67935;1368;1436;1488;2;0;4;3;1;4;1122
0;67941;965;1212;1179;2;0;4;3;1;4;0
2;67956;997;956;1072;2;0;4;3;1;4;0
0;68044;761;751;1394;2;0;4;3;1;4;0
0;68106;1115;773;1005;2;0;4;3;1;4;1072
2;68127;860;1165;1952;2;0;4;3;1;4;0
1;68209;1433;631;1330;2;0;4;3;1;4;1005
2;68261;715;1441;1258;2;0;4;3;1;4;97647
2;68321;594;687;1754;2;0;4;3;1;4;0
1;68353;568;518;1105;2;0;4;3;1;4;0
2;68453;559;830;1550;2;0;4;3;1;4;0
1;68551;753;1193;1917;2;0;4;3;1;4;0
0;68593;796;1151;1045;2;0;4;3;1;4;0
2;68652;1474;1230;1331;2;0;4;3;1;4;98705
1;68707;1138;727;1293;2;0;4;3;1;4;0
0;68744;514;1493;1103;2;0;4;3;1;4;0
0;68776;1101;500;1584;2;0;4;3;1;4;0
0;68804;787;1273;1801;2;0;4;3;1;4;0
2;68821;588;614;1667;2;0;4;3;1;4;0
0;68873;709;810;1866;2;0;4;3;1;4;0
0;68951;685;1049;1053;2;0;4;3;1;4;0
0;68978;1309;603;1562;2;0;4;3;1;4;0
0;69036;1245;1137;1998;2;0;4;3;1;4;0
0;69119;1411;1043;1528;2;0;4;3;1;4;0
2;69214;1228;1331;1200;2;0;4;3;1;4;0
1;69237;1296;1434;1082;2;0;4;3;1;4;0
1;69336;609;1080;1418;2;0;4;3;1;4;0
0;69363;1432;1491;1110;2;0;4;3;1;4;0
1;69369;720;1235;1100;2;0;4;3;1;4;0
2;69373;1255;611;1818;2;0;4;3;1;4;0
0;69410;1393;857;1426;2;0;4;3;1;4;0
1;69445;1438;1065;1853;2;0;4;3;1;4;0
2;69513;1056;1434;1127;2;0;4;3;1;4;98454
0;69561;928;727;1006;2;0;4;3;1;4;0
2;69569;1187;862;1113;2;0;4;3;1;4;0
1;69635;855;1346;1401;2;0;4;3;1;4;1053
0;69692;1284;967;1179;2;0;4;3;1;4;1006
2;69748;1219;1280;1269;2;0;4;3;1;4;98454
2;69823;873;1234;1636;2;0;4;3;1;4;99581
2;69858;1329;980;1458;2;0;4;3;1;4;0
2;69894;857;1009;1815;2;0;4;3;1;4;0
0;69930;1097;1172;1828;2;0;4;3;1;4;0
2;69950;628;1018;1285;2;0;4;3;1;4;0
2;70050;827;905;1261;2;0;4;3;1;4;98358
1;70119;1080;803;1682;2;0;4;3;1;4;1082
1;70171;1342;1246;1224;2;0;4;3;1;4;99619
0;70187;545;898;1882;2;0;4;3;1;4;0
2;70285;515;724;1875;2;0;4;3;1;4;0
2;70368;976;1371;1270;2;0;4;3;1;4;0
2;70431;1332;1235;1188;2;0;4;3;1;4;0
1;70432;1171;804;1992;2;0;4;3;1;4;0
2;70492;1349;1017;1124;2;0;4;3;1;4;0
0;70533;837;791;1634;2;0;4;3;1;4;0
0;70556;878;969;1018;2;0;4;3;1;4;0
0;70616;907;1334;1147;2;0;4;3;1;4;0
1;70673;843;625;1771;2;0;4;3;1;4;0
0;70762;515;810;1992;2;0;4;3;1;4;0
2;70860;1061;968;1638;2;0;4;3;1;4;0
2;70948;1161;519;1172;2;0;4;3;1;4;100843
1;70954;844;990;1865;2;0;4;3;1;4;0
0;71048;1135;1489;1425;2;0;4;3;1;4;0
1;71107;1417;1398;1765;2;0;4;3;1;4;0
0;71126;920;684;1424;2;0;4;3;1;4;0
1;71153;530;537;1259;2;0;4;3;1;4;0
2;71242;1436;1012;1444;2;0;4;3;1;4;102015
1;71277;1163;982;1686;2;0;4;3;1;4;0
2;71312;1288;537;1461;2;0;4;3;1;4;103459
1;71397;629;1390;1906;2;0;4;3;1;4;0
0;71451;815;1168;1298;2;0;4;3;1;4;0
1;71473;1248;534;1028;2;0;4;3;1;4;0
2;71540;660;579;1747;2;0;4;3;1;4;0
1;71562;838;756;1678;2;0;4;3;1;4;0
2;71662;1464;1282;1881;2;0;4;3;1;4;0
1;71732;976;665;1656;2;0;4;3;1;4;0
2;71745;1182;1292;1435;2;0;4;3;1;4;0
2;71834;1382;1265;1043;2;0;4;3;1;4;0
2;71865;844;756;1631;2;0;4;3;1;4;101470
2;71904;1351;1345;1982;2;0;4;3;1;4;0
0;71926;1223;768;1219;2;0;4;3;1;4;0
1;72014;1113;1430;1362;2;0;4;3;1;4;0
1;72066;1005;681;1317;2;0;4;3;1;4;0
1;72074;575;620;1025;2;0;4;3;1;4;0
1;72160;889;923;1827;2;0;4;3;1;4;1025
2;72195;907;944;1234;2;0;4;3;1;4;102931
2;72206;1258;1217;1396;2;0;4;3;1;4;103101
2;72292;751;807;1145;2;0;4;3;1;4;0
2;72382;698;615;1960;2;0;4;3;1;4;0
0;72427;559;1303;1098;2;0;4;3;1;4;0
1;72513;1299;934;1783;2;0;4;3;1;4;0
1;72549;1472;1380;1586;2;0;4;3;1;4;0
2;72646;1200;515;1897;2;0;4;3;1;4;0
1;72713;1003;1343;1987;2;0;4;3;1;4;0
1;72809;817;706;1681;2;0;4;3;1;4;0
0;72878;810;606;1072;2;0;4;3;1;4;0
0;72941;673;1417;1906;2;0;4;3;1;4;0
1;73027;1151;549;1923;2;0;4;3;1;4;0
1;73121;1287;1174;1597;2;0;4;3;1;4;0
1;73170;1498;510;1387;2;0;4;3;1;4;0
0;73188;1304;1348;1854;2;0;4;3;1;4;0
1;73250;523;801;1346;2;0;4;3;1;4;0
1;73342;721;581;1322;2;0;4;3;1;4;0
0;73430;1261;1469;1305;2;0;4;3;1;4;0
2;73472;743;1128;1869;2;0;4;3;1;4;0
2;73490;1007;918;1088;2;0;4;3;1;4;0
2;73501;1294;795;1146;2;0;4;3;1;4;0
2;73595;1031;1214;1875;2;0;4;3;1;4;102473
2;73610;906;920;1234;2;0;4;3;1;4;0
2;73707;816;1444;1002;2;0;4;3;1;4;0
2;73787;1388;761;1562;2;0;4;3;1;4;0
0;73850;838;1035;1313;2;0;4;3;1;4;0
